id,StartUhrZeit,EndUhrzeit,Prozess,Betreff
1,2024-08-07 01:57:46,2024-08-07 02:44:46,Prozess_C,Aufgabe_Z
2,2024-07-19 02:08:46,2024-07-19 04:00:46,Prozess_E,Aufgabe_Z
3,2024-07-12 07:15:46,2024-07-12 08:35:46,Prozess_E,Aufgabe_W
4,2024-07-20 21:14:46,2024-07-20 23:05:46,Prozess_B,Aufgabe_V
5,2024-07-12 22:45:46,2024-07-13 00:00:46,Prozess_E,Aufgabe_W
6,2024-08-04 07:28:46,2024-08-04 08:03:46,Prozess_E,Aufgabe_V
7,2024-07-31 12:51:46,2024-07-31 12:54:46,Prozess_B,Aufgabe_X
8,2024-08-09 00:06:46,2024-08-09 01:35:46,Prozess_D,Aufgabe_Z
9,2024-07-20 14:42:46,2024-07-20 15:45:46,Prozess_B,Aufgabe_X
10,2024-07-31 07:15:46,2024-07-31 08:49:46,Prozess_D,Aufgabe_V
11,2024-07-28 15:03:46,2024-07-28 16:50:46,Prozess_D,Aufgabe_Z
12,2024-07-16 16:51:46,2024-07-16 16:53:46,Prozess_D,Aufgabe_X
13,2024-07-29 22:41:46,2024-07-30 00:12:46,Prozess_D,Aufgabe_W
14,2024-08-07 10:02:46,2024-08-07 11:04:46,Prozess_A,Aufgabe_W
15,2024-08-05 13:57:46,2024-08-05 15:26:46,Prozess_E,Aufgabe_V
16,2024-07-22 04:36:46,2024-07-22 04:49:46,Prozess_A,Aufgabe_X
17,2024-07-11 20:28:46,2024-07-11 21:19:46,Prozess_D,Aufgabe_Y
18,2024-07-18 11:02:46,2024-07-18 12:18:46,Prozess_B,Aufgabe_Z
19,2024-07-28 07:09:46,2024-07-28 08:46:46,Prozess_B,Aufgabe_V
20,2024-07-15 18:30:46,2024-07-15 19:28:46,Prozess_E,Aufgabe_V
21,2024-07-24 17:57:46,2024-07-24 18:36:46,Prozess_D,Aufgabe_X
22,2024-07-28 04:47:46,2024-07-28 06:14:46,Prozess_D,Aufgabe_Z
23,2024-07-22 18:50:46,2024-07-22 19:19:46,Prozess_B,Aufgabe_Z
24,2024-07-24 13:59:46,2024-07-24 15:21:46,Prozess_E,Aufgabe_Y
25,2024-07-17 03:14:46,2024-07-17 04:25:46,Prozess_C,Aufgabe_Y
26,2024-07-31 16:59:46,2024-07-31 17:26:46,Prozess_B,Aufgabe_X
27,2024-08-08 04:32:46,2024-08-08 05:39:46,Prozess_D,Aufgabe_Z
28,2024-08-05 00:44:46,2024-08-05 02:18:46,Prozess_B,Aufgabe_Z
29,2024-07-14 21:02:46,2024-07-14 21:47:46,Prozess_B,Aufgabe_Z
30,2024-07-28 23:51:46,2024-07-29 00:52:46,Prozess_B,Aufgabe_X
31,2024-07-27 04:47:46,2024-07-27 05:35:46,Prozess_C,Aufgabe_V
32,2024-08-07 19:46:46,2024-08-07 20:21:46,Prozess_C,Aufgabe_Y
33,2024-07-12 01:33:46,2024-07-12 02:06:46,Prozess_E,Aufgabe_X
34,2024-07-09 21:15:46,2024-07-09 23:02:46,Prozess_A,Aufgabe_X
35,2024-08-04 12:47:46,2024-08-04 13:59:46,Prozess_C,Aufgabe_X
36,2024-08-06 02:28:46,2024-08-06 03:50:46,Prozess_B,Aufgabe_Z
37,2024-07-27 19:43:46,2024-07-27 21:37:46,Prozess_C,Aufgabe_W
38,2024-08-03 10:36:46,2024-08-03 10:42:46,Prozess_B,Aufgabe_W
39,2024-08-02 21:51:46,2024-08-02 23:13:46,Prozess_C,Aufgabe_Y
40,2024-07-28 13:56:46,2024-07-28 15:44:46,Prozess_E,Aufgabe_Y
41,2024-08-01 13:38:46,2024-08-01 14:16:46,Prozess_D,Aufgabe_Y
42,2024-07-22 17:20:46,2024-07-22 18:49:46,Prozess_E,Aufgabe_X
43,2024-07-11 02:55:46,2024-07-11 04:23:46,Prozess_E,Aufgabe_Y
44,2024-08-07 13:43:46,2024-08-07 14:17:46,Prozess_D,Aufgabe_Y
45,2024-07-28 14:21:46,2024-07-28 14:59:46,Prozess_D,Aufgabe_V
46,2024-08-03 13:56:46,2024-08-03 14:43:46,Prozess_A,Aufgabe_V
47,2024-07-16 17:38:46,2024-07-16 19:34:46,Prozess_B,Aufgabe_W
48,2024-07-27 14:09:46,2024-07-27 15:54:46,Prozess_B,Aufgabe_X
49,2024-07-12 20:55:46,2024-07-12 21:16:46,Prozess_A,Aufgabe_V
50,2024-07-23 16:24:46,2024-07-23 16:26:46,Prozess_C,Aufgabe_Z
51,2024-07-23 16:59:46,2024-07-23 17:41:46,Prozess_D,Aufgabe_Y
52,2024-07-19 12:22:46,2024-07-19 12:23:46,Prozess_A,Aufgabe_V
53,2024-08-03 07:49:46,2024-08-03 09:05:46,Prozess_C,Aufgabe_X
54,2024-07-14 16:57:46,2024-07-14 18:06:46,Prozess_D,Aufgabe_X
55,2024-08-05 22:52:46,2024-08-05 23:47:46,Prozess_E,Aufgabe_X
56,2024-07-29 23:28:46,2024-07-30 00:13:46,Prozess_E,Aufgabe_Z
57,2024-07-18 02:47:46,2024-07-18 03:50:46,Prozess_A,Aufgabe_V
58,2024-07-14 14:10:46,2024-07-14 14:44:46,Prozess_E,Aufgabe_X
59,2024-08-05 17:22:46,2024-08-05 19:03:46,Prozess_A,Aufgabe_Y
60,2024-07-17 11:16:46,2024-07-17 11:59:46,Prozess_D,Aufgabe_X
61,2024-07-27 23:47:46,2024-07-28 00:35:46,Prozess_D,Aufgabe_Z
62,2024-07-25 01:33:46,2024-07-25 02:51:46,Prozess_E,Aufgabe_V
63,2024-08-02 06:52:46,2024-08-02 07:23:46,Prozess_B,Aufgabe_X
64,2024-07-20 15:59:46,2024-07-20 17:55:46,Prozess_C,Aufgabe_W
65,2024-07-13 11:52:46,2024-07-13 12:58:46,Prozess_D,Aufgabe_W
66,2024-07-09 23:14:46,2024-07-10 00:19:46,Prozess_D,Aufgabe_V
67,2024-07-17 16:44:46,2024-07-17 18:21:46,Prozess_D,Aufgabe_X
68,2024-07-14 18:35:46,2024-07-14 18:47:46,Prozess_B,Aufgabe_W
69,2024-08-07 13:26:46,2024-08-07 14:22:46,Prozess_A,Aufgabe_V
70,2024-07-19 00:35:46,2024-07-19 02:12:46,Prozess_B,Aufgabe_W
71,2024-07-21 13:07:46,2024-07-21 14:54:46,Prozess_E,Aufgabe_V
72,2024-08-04 21:29:46,2024-08-04 21:35:46,Prozess_D,Aufgabe_Z
73,2024-07-22 21:22:46,2024-07-22 23:17:46,Prozess_E,Aufgabe_V
74,2024-08-06 18:54:46,2024-08-06 20:28:46,Prozess_D,Aufgabe_W
75,2024-07-28 23:17:46,2024-07-29 00:57:46,Prozess_D,Aufgabe_X
76,2024-07-31 16:37:46,2024-07-31 16:47:46,Prozess_C,Aufgabe_Y
77,2024-07-21 03:52:46,2024-07-21 05:49:46,Prozess_A,Aufgabe_V
78,2024-07-10 23:01:46,2024-07-11 00:42:46,Prozess_A,Aufgabe_Y
79,2024-08-03 21:05:46,2024-08-03 22:36:46,Prozess_D,Aufgabe_Z
80,2024-08-04 17:10:46,2024-08-04 17:45:46,Prozess_A,Aufgabe_X
81,2024-07-14 00:01:46,2024-07-14 00:39:46,Prozess_D,Aufgabe_W
82,2024-07-16 07:55:46,2024-07-16 08:49:46,Prozess_D,Aufgabe_Z
83,2024-07-30 05:43:46,2024-07-30 07:28:46,Prozess_B,Aufgabe_X
84,2024-08-03 01:10:46,2024-08-03 01:47:46,Prozess_C,Aufgabe_X
85,2024-07-19 21:52:46,2024-07-19 23:01:46,Prozess_A,Aufgabe_Z
86,2024-07-28 08:07:46,2024-07-28 09:48:46,Prozess_B,Aufgabe_W
87,2024-08-01 16:02:46,2024-08-01 17:58:46,Prozess_E,Aufgabe_Z
88,2024-07-30 11:20:46,2024-07-30 13:08:46,Prozess_C,Aufgabe_Y
89,2024-07-11 14:18:46,2024-07-11 15:59:46,Prozess_D,Aufgabe_Z
90,2024-07-31 04:00:46,2024-07-31 04:55:46,Prozess_A,Aufgabe_Y
91,2024-07-12 03:08:46,2024-07-12 03:13:46,Prozess_D,Aufgabe_W
92,2024-08-08 07:35:46,2024-08-08 08:15:46,Prozess_A,Aufgabe_Z
93,2024-07-23 04:41:46,2024-07-23 06:21:46,Prozess_C,Aufgabe_X
94,2024-07-20 23:23:46,2024-07-21 00:56:46,Prozess_E,Aufgabe_W
95,2024-07-21 10:56:46,2024-07-21 12:43:46,Prozess_A,Aufgabe_X
96,2024-07-25 10:25:46,2024-07-25 10:37:46,Prozess_A,Aufgabe_Z
97,2024-07-17 03:56:46,2024-07-17 04:06:46,Prozess_C,Aufgabe_W
98,2024-07-28 15:46:46,2024-07-28 17:39:46,Prozess_B,Aufgabe_X
99,2024-07-29 17:09:46,2024-07-29 19:00:46,Prozess_C,Aufgabe_V
100,2024-08-08 18:56:46,2024-08-08 20:44:46,Prozess_A,Aufgabe_Y
101,2024-07-31 15:24:46,2024-07-31 16:51:46,Prozess_E,Aufgabe_X
102,2024-07-10 08:37:46,2024-07-10 09:11:46,Prozess_A,Aufgabe_Z
103,2024-08-07 05:09:46,2024-08-07 05:53:46,Prozess_C,Aufgabe_V
104,2024-07-12 06:32:46,2024-07-12 08:22:46,Prozess_E,Aufgabe_X
105,2024-07-19 09:59:46,2024-07-19 10:18:46,Prozess_A,Aufgabe_Y
106,2024-07-12 13:57:46,2024-07-12 14:29:46,Prozess_A,Aufgabe_Y
107,2024-07-10 00:00:46,2024-07-10 00:18:46,Prozess_E,Aufgabe_X
108,2024-08-01 08:43:46,2024-08-01 10:32:46,Prozess_A,Aufgabe_Y
109,2024-07-14 15:48:46,2024-07-14 16:49:46,Prozess_D,Aufgabe_Y
110,2024-08-04 15:48:46,2024-08-04 15:50:46,Prozess_C,Aufgabe_Z
111,2024-07-15 21:38:46,2024-07-15 23:18:46,Prozess_B,Aufgabe_V
112,2024-07-10 21:09:46,2024-07-10 22:25:46,Prozess_A,Aufgabe_V
113,2024-07-18 00:09:46,2024-07-18 01:04:46,Prozess_B,Aufgabe_V
114,2024-07-13 18:35:46,2024-07-13 19:19:46,Prozess_E,Aufgabe_V
115,2024-07-27 07:28:46,2024-07-27 07:49:46,Prozess_C,Aufgabe_Z
116,2024-07-18 11:19:46,2024-07-18 12:30:46,Prozess_C,Aufgabe_Y
117,2024-07-19 02:33:46,2024-07-19 02:35:46,Prozess_C,Aufgabe_Z
118,2024-07-18 09:18:46,2024-07-18 09:37:46,Prozess_B,Aufgabe_Y
119,2024-07-30 03:35:46,2024-07-30 04:39:46,Prozess_D,Aufgabe_W
120,2024-07-20 04:46:46,2024-07-20 05:47:46,Prozess_A,Aufgabe_Y
121,2024-07-18 14:15:46,2024-07-18 15:01:46,Prozess_B,Aufgabe_V
122,2024-07-12 21:22:46,2024-07-12 22:20:46,Prozess_E,Aufgabe_W
123,2024-08-08 12:50:46,2024-08-08 14:45:46,Prozess_D,Aufgabe_W
124,2024-07-11 05:05:46,2024-07-11 06:42:46,Prozess_D,Aufgabe_V
125,2024-08-08 06:24:46,2024-08-08 07:26:46,Prozess_E,Aufgabe_Z
126,2024-08-03 15:09:46,2024-08-03 15:40:46,Prozess_D,Aufgabe_Z
127,2024-08-06 23:58:46,2024-08-07 00:18:46,Prozess_C,Aufgabe_Z
128,2024-08-05 00:54:46,2024-08-05 02:20:46,Prozess_D,Aufgabe_V
129,2024-08-08 00:55:46,2024-08-08 01:10:46,Prozess_D,Aufgabe_X
130,2024-07-19 12:40:46,2024-07-19 12:43:46,Prozess_C,Aufgabe_X
131,2024-07-25 06:26:46,2024-07-25 07:06:46,Prozess_B,Aufgabe_V
132,2024-08-02 03:16:46,2024-08-02 03:58:46,Prozess_E,Aufgabe_W
133,2024-08-05 18:16:46,2024-08-05 18:31:46,Prozess_C,Aufgabe_Y
134,2024-08-05 15:34:46,2024-08-05 15:38:46,Prozess_C,Aufgabe_W
135,2024-08-08 06:02:46,2024-08-08 07:11:46,Prozess_C,Aufgabe_Z
136,2024-07-26 03:16:46,2024-07-26 04:09:46,Prozess_D,Aufgabe_X
137,2024-07-26 08:04:46,2024-07-26 08:56:46,Prozess_A,Aufgabe_V
138,2024-08-06 11:08:46,2024-08-06 11:58:46,Prozess_B,Aufgabe_Z
139,2024-07-18 10:56:46,2024-07-18 11:34:46,Prozess_A,Aufgabe_Z
140,2024-07-18 20:43:46,2024-07-18 21:52:46,Prozess_A,Aufgabe_W
141,2024-07-23 22:02:46,2024-07-23 23:14:46,Prozess_E,Aufgabe_Y
142,2024-08-07 22:27:46,2024-08-07 23:02:46,Prozess_B,Aufgabe_X
143,2024-07-18 06:28:46,2024-07-18 07:08:46,Prozess_E,Aufgabe_Z
144,2024-07-16 01:38:46,2024-07-16 03:19:46,Prozess_B,Aufgabe_X
145,2024-08-01 13:40:46,2024-08-01 13:43:46,Prozess_C,Aufgabe_W
146,2024-07-26 02:52:46,2024-07-26 03:41:46,Prozess_E,Aufgabe_W
147,2024-07-27 19:14:46,2024-07-27 20:41:46,Prozess_A,Aufgabe_Y
148,2024-08-04 02:58:46,2024-08-04 03:27:46,Prozess_D,Aufgabe_X
149,2024-08-01 10:39:46,2024-08-01 12:35:46,Prozess_C,Aufgabe_X
150,2024-07-28 03:19:46,2024-07-28 05:07:46,Prozess_D,Aufgabe_V
151,2024-07-13 11:24:46,2024-07-13 13:17:46,Prozess_D,Aufgabe_Z
152,2024-07-25 11:19:46,2024-07-25 12:51:46,Prozess_A,Aufgabe_Z
153,2024-07-15 06:31:46,2024-07-15 06:43:46,Prozess_D,Aufgabe_Y
154,2024-08-04 00:36:46,2024-08-04 01:36:46,Prozess_E,Aufgabe_X
155,2024-08-09 04:52:46,2024-08-09 05:59:46,Prozess_C,Aufgabe_X
156,2024-07-20 22:35:46,2024-07-21 00:00:46,Prozess_C,Aufgabe_W
157,2024-08-08 00:53:46,2024-08-08 02:22:46,Prozess_D,Aufgabe_Y
158,2024-07-25 15:57:46,2024-07-25 17:43:46,Prozess_D,Aufgabe_W
159,2024-07-19 22:57:46,2024-07-20 00:11:46,Prozess_C,Aufgabe_Z
160,2024-07-30 14:28:46,2024-07-30 15:11:46,Prozess_E,Aufgabe_Y
161,2024-07-31 10:30:46,2024-07-31 12:27:46,Prozess_B,Aufgabe_W
162,2024-07-30 16:39:46,2024-07-30 17:50:46,Prozess_E,Aufgabe_V
163,2024-07-24 01:53:46,2024-07-24 02:18:46,Prozess_D,Aufgabe_Z
164,2024-07-26 03:51:46,2024-07-26 04:54:46,Prozess_C,Aufgabe_V
165,2024-08-08 00:27:46,2024-08-08 00:34:46,Prozess_C,Aufgabe_Z
166,2024-08-01 01:18:46,2024-08-01 01:56:46,Prozess_B,Aufgabe_W
167,2024-08-04 06:14:46,2024-08-04 07:15:46,Prozess_B,Aufgabe_Y
168,2024-07-11 05:28:46,2024-07-11 05:59:46,Prozess_C,Aufgabe_W
169,2024-07-30 15:12:46,2024-07-30 16:21:46,Prozess_C,Aufgabe_Z
170,2024-07-11 09:48:46,2024-07-11 10:30:46,Prozess_A,Aufgabe_Y
171,2024-07-25 19:43:46,2024-07-25 21:36:46,Prozess_B,Aufgabe_Y
172,2024-07-11 21:17:46,2024-07-11 22:03:46,Prozess_C,Aufgabe_Z
173,2024-07-28 13:55:46,2024-07-28 15:35:46,Prozess_B,Aufgabe_V
174,2024-08-06 04:32:46,2024-08-06 04:48:46,Prozess_B,Aufgabe_W
175,2024-08-01 04:19:46,2024-08-01 05:25:46,Prozess_A,Aufgabe_W
176,2024-07-15 23:45:46,2024-07-16 00:40:46,Prozess_D,Aufgabe_X
177,2024-07-09 18:34:46,2024-07-09 19:30:46,Prozess_C,Aufgabe_Y
178,2024-07-12 17:47:46,2024-07-12 18:22:46,Prozess_E,Aufgabe_Z
179,2024-07-22 17:11:46,2024-07-22 18:28:46,Prozess_E,Aufgabe_Z
180,2024-07-11 19:12:46,2024-07-11 20:30:46,Prozess_E,Aufgabe_X
181,2024-07-23 18:25:46,2024-07-23 19:24:46,Prozess_E,Aufgabe_Z
182,2024-07-23 18:51:46,2024-07-23 20:46:46,Prozess_D,Aufgabe_W
183,2024-07-25 17:59:46,2024-07-25 19:52:46,Prozess_C,Aufgabe_Z
184,2024-07-18 20:36:46,2024-07-18 21:02:46,Prozess_C,Aufgabe_X
185,2024-07-24 03:09:46,2024-07-24 04:37:46,Prozess_C,Aufgabe_Z
186,2024-07-20 15:28:46,2024-07-20 17:10:46,Prozess_A,Aufgabe_W
187,2024-07-28 01:44:46,2024-07-28 03:31:46,Prozess_A,Aufgabe_X
188,2024-07-31 17:06:46,2024-07-31 17:08:46,Prozess_A,Aufgabe_X
189,2024-08-06 13:29:46,2024-08-06 14:24:46,Prozess_E,Aufgabe_X
190,2024-07-29 09:47:46,2024-07-29 10:10:46,Prozess_E,Aufgabe_V
191,2024-07-19 15:54:46,2024-07-19 16:48:46,Prozess_A,Aufgabe_X
192,2024-07-21 10:48:46,2024-07-21 12:24:46,Prozess_D,Aufgabe_V
193,2024-07-26 05:22:46,2024-07-26 06:31:46,Prozess_E,Aufgabe_X
194,2024-07-23 08:24:46,2024-07-23 09:36:46,Prozess_A,Aufgabe_W
195,2024-08-02 08:05:46,2024-08-02 09:37:46,Prozess_D,Aufgabe_Z
196,2024-07-19 12:09:46,2024-07-19 13:32:46,Prozess_A,Aufgabe_Z
197,2024-08-05 14:31:46,2024-08-05 16:27:46,Prozess_A,Aufgabe_V
198,2024-07-17 23:16:46,2024-07-18 00:26:46,Prozess_C,Aufgabe_X
199,2024-07-31 18:08:46,2024-07-31 19:46:46,Prozess_C,Aufgabe_V
200,2024-07-15 04:09:46,2024-07-15 04:42:46,Prozess_B,Aufgabe_V
201,2024-07-10 16:11:46,2024-07-10 17:04:46,Prozess_B,Aufgabe_Z
202,2024-07-12 16:56:46,2024-07-12 18:28:46,Prozess_C,Aufgabe_W
203,2024-07-27 08:48:46,2024-07-27 09:51:46,Prozess_A,Aufgabe_W
204,2024-08-02 03:06:46,2024-08-02 04:51:46,Prozess_A,Aufgabe_W
205,2024-07-11 21:08:46,2024-07-11 22:23:46,Prozess_C,Aufgabe_Y
206,2024-07-15 21:16:46,2024-07-15 22:33:46,Prozess_E,Aufgabe_Y
207,2024-08-07 05:32:46,2024-08-07 05:37:46,Prozess_D,Aufgabe_Z
208,2024-07-19 22:36:46,2024-07-19 23:18:46,Prozess_D,Aufgabe_V
209,2024-07-29 09:47:46,2024-07-29 10:04:46,Prozess_A,Aufgabe_Z
210,2024-07-15 02:38:46,2024-07-15 03:07:46,Prozess_E,Aufgabe_V
211,2024-08-04 20:34:46,2024-08-04 21:04:46,Prozess_D,Aufgabe_X
212,2024-07-26 21:55:46,2024-07-26 22:42:46,Prozess_E,Aufgabe_Y
213,2024-07-31 09:52:46,2024-07-31 10:52:46,Prozess_C,Aufgabe_W
214,2024-07-22 09:47:46,2024-07-22 11:32:46,Prozess_A,Aufgabe_X
215,2024-07-11 05:41:46,2024-07-11 07:24:46,Prozess_E,Aufgabe_Z
216,2024-07-19 00:18:46,2024-07-19 01:43:46,Prozess_B,Aufgabe_Y
217,2024-07-12 06:11:46,2024-07-12 08:05:46,Prozess_E,Aufgabe_Z
218,2024-07-26 12:49:46,2024-07-26 14:27:46,Prozess_E,Aufgabe_Z
219,2024-07-21 06:32:46,2024-07-21 07:41:46,Prozess_C,Aufgabe_X
220,2024-07-19 09:59:46,2024-07-19 11:56:46,Prozess_C,Aufgabe_V
221,2024-08-04 05:12:46,2024-08-04 05:24:46,Prozess_A,Aufgabe_V
222,2024-08-04 05:44:46,2024-08-04 06:49:46,Prozess_D,Aufgabe_X
223,2024-07-14 05:12:46,2024-07-14 06:10:46,Prozess_A,Aufgabe_Z
224,2024-07-16 09:07:46,2024-07-16 10:31:46,Prozess_D,Aufgabe_X
225,2024-08-08 16:42:46,2024-08-08 17:36:46,Prozess_A,Aufgabe_W
226,2024-07-12 09:13:46,2024-07-12 09:33:46,Prozess_B,Aufgabe_X
227,2024-07-24 18:59:46,2024-07-24 20:08:46,Prozess_D,Aufgabe_W
228,2024-07-12 00:37:46,2024-07-12 00:55:46,Prozess_D,Aufgabe_V
229,2024-07-10 12:43:46,2024-07-10 13:47:46,Prozess_C,Aufgabe_Y
230,2024-07-30 21:31:46,2024-07-30 23:24:46,Prozess_D,Aufgabe_W
231,2024-07-28 11:10:46,2024-07-28 11:16:46,Prozess_E,Aufgabe_X
232,2024-08-08 08:27:46,2024-08-08 09:39:46,Prozess_E,Aufgabe_W
233,2024-08-04 02:03:46,2024-08-04 02:23:46,Prozess_C,Aufgabe_W
234,2024-08-05 06:02:46,2024-08-05 08:02:46,Prozess_C,Aufgabe_W
235,2024-07-13 17:59:46,2024-07-13 18:49:46,Prozess_B,Aufgabe_X
236,2024-07-17 23:00:46,2024-07-18 00:53:46,Prozess_A,Aufgabe_Z
237,2024-07-14 04:25:46,2024-07-14 06:01:46,Prozess_D,Aufgabe_Y
238,2024-08-02 04:46:46,2024-08-02 05:30:46,Prozess_B,Aufgabe_Z
239,2024-07-19 11:13:46,2024-07-19 12:10:46,Prozess_B,Aufgabe_Z
240,2024-07-22 14:34:46,2024-07-22 15:02:46,Prozess_E,Aufgabe_V
241,2024-07-19 02:38:46,2024-07-19 03:09:46,Prozess_C,Aufgabe_V
242,2024-07-24 11:54:46,2024-07-24 13:32:46,Prozess_C,Aufgabe_W
243,2024-07-10 18:58:46,2024-07-10 19:58:46,Prozess_A,Aufgabe_V
244,2024-08-09 11:10:46,2024-08-09 11:41:46,Prozess_E,Aufgabe_X
245,2024-07-14 02:31:46,2024-07-14 03:56:46,Prozess_C,Aufgabe_V
246,2024-07-13 11:58:46,2024-07-13 12:56:46,Prozess_D,Aufgabe_Y
247,2024-08-05 23:29:46,2024-08-06 01:22:46,Prozess_C,Aufgabe_Z
248,2024-07-29 16:34:46,2024-07-29 17:49:46,Prozess_E,Aufgabe_Z
249,2024-08-03 05:32:46,2024-08-03 06:53:46,Prozess_D,Aufgabe_X
250,2024-08-03 23:53:46,2024-08-04 00:21:46,Prozess_C,Aufgabe_Z
251,2024-07-30 06:32:46,2024-07-30 07:52:46,Prozess_B,Aufgabe_W
252,2024-07-16 21:30:46,2024-07-16 21:35:46,Prozess_B,Aufgabe_Z
253,2024-07-16 19:00:46,2024-07-16 19:25:46,Prozess_A,Aufgabe_Y
254,2024-07-19 05:21:46,2024-07-19 06:08:46,Prozess_A,Aufgabe_Y
255,2024-08-04 08:44:46,2024-08-04 09:25:46,Prozess_A,Aufgabe_Z
256,2024-07-10 22:02:46,2024-07-10 23:06:46,Prozess_C,Aufgabe_V
257,2024-07-13 23:43:46,2024-07-14 01:29:46,Prozess_A,Aufgabe_X
258,2024-08-04 07:53:46,2024-08-04 08:21:46,Prozess_C,Aufgabe_V
259,2024-07-28 23:18:46,2024-07-28 23:26:46,Prozess_E,Aufgabe_W
260,2024-08-08 10:59:46,2024-08-08 12:42:46,Prozess_A,Aufgabe_V
261,2024-07-11 10:48:46,2024-07-11 11:48:46,Prozess_A,Aufgabe_W
262,2024-08-02 20:01:46,2024-08-02 21:04:46,Prozess_E,Aufgabe_Y
263,2024-07-21 09:47:46,2024-07-21 11:12:46,Prozess_D,Aufgabe_Y
264,2024-07-16 23:31:46,2024-07-17 00:33:46,Prozess_B,Aufgabe_X
265,2024-07-20 02:08:46,2024-07-20 02:21:46,Prozess_B,Aufgabe_V
266,2024-07-29 21:15:46,2024-07-29 21:54:46,Prozess_A,Aufgabe_Y
267,2024-07-30 19:25:46,2024-07-30 20:09:46,Prozess_E,Aufgabe_Z
268,2024-07-28 00:25:46,2024-07-28 01:36:46,Prozess_C,Aufgabe_V
269,2024-07-27 10:23:46,2024-07-27 11:02:46,Prozess_C,Aufgabe_V
270,2024-08-08 03:31:46,2024-08-08 04:05:46,Prozess_C,Aufgabe_Y
271,2024-08-03 08:02:46,2024-08-03 08:23:46,Prozess_D,Aufgabe_Y
272,2024-07-10 22:31:46,2024-07-10 22:51:46,Prozess_E,Aufgabe_Z
273,2024-08-01 07:46:46,2024-08-01 07:51:46,Prozess_A,Aufgabe_W
274,2024-08-02 14:06:46,2024-08-02 15:25:46,Prozess_A,Aufgabe_Z
275,2024-07-14 22:19:46,2024-07-14 23:10:46,Prozess_C,Aufgabe_X
276,2024-08-02 12:32:46,2024-08-02 12:52:46,Prozess_A,Aufgabe_W
277,2024-07-11 05:23:46,2024-07-11 06:08:46,Prozess_A,Aufgabe_Y
278,2024-07-30 06:05:46,2024-07-30 07:33:46,Prozess_B,Aufgabe_W
279,2024-08-03 22:59:46,2024-08-03 23:21:46,Prozess_A,Aufgabe_W
280,2024-07-24 11:22:46,2024-07-24 12:34:46,Prozess_C,Aufgabe_W
281,2024-07-16 00:49:46,2024-07-16 01:05:46,Prozess_C,Aufgabe_V
282,2024-07-21 12:10:46,2024-07-21 12:26:46,Prozess_E,Aufgabe_Z
283,2024-07-12 03:57:46,2024-07-12 04:01:46,Prozess_D,Aufgabe_Y
284,2024-07-25 04:52:46,2024-07-25 05:48:46,Prozess_C,Aufgabe_V
285,2024-08-02 20:57:46,2024-08-02 22:10:46,Prozess_D,Aufgabe_W
286,2024-07-28 09:20:46,2024-07-28 09:53:46,Prozess_E,Aufgabe_V
287,2024-07-12 00:09:46,2024-07-12 01:49:46,Prozess_C,Aufgabe_V
288,2024-07-15 03:43:46,2024-07-15 05:18:46,Prozess_E,Aufgabe_V
289,2024-07-14 10:41:46,2024-07-14 12:13:46,Prozess_C,Aufgabe_Y
290,2024-07-27 09:02:46,2024-07-27 09:14:46,Prozess_E,Aufgabe_V
291,2024-07-28 08:43:46,2024-07-28 08:53:46,Prozess_E,Aufgabe_W
292,2024-07-30 17:33:46,2024-07-30 18:03:46,Prozess_C,Aufgabe_Y
293,2024-07-29 06:14:46,2024-07-29 06:33:46,Prozess_E,Aufgabe_V
294,2024-07-13 12:30:46,2024-07-13 13:26:46,Prozess_C,Aufgabe_V
295,2024-08-08 11:33:46,2024-08-08 12:06:46,Prozess_C,Aufgabe_V
296,2024-07-24 08:08:46,2024-07-24 09:28:46,Prozess_E,Aufgabe_Z
297,2024-07-13 01:42:46,2024-07-13 01:47:46,Prozess_D,Aufgabe_X
298,2024-08-06 18:24:46,2024-08-06 18:51:46,Prozess_E,Aufgabe_W
299,2024-07-11 08:08:46,2024-07-11 09:26:46,Prozess_A,Aufgabe_Z
300,2024-07-26 15:55:46,2024-07-26 16:49:46,Prozess_D,Aufgabe_V
301,2024-07-20 11:44:46,2024-07-20 13:35:46,Prozess_C,Aufgabe_V
302,2024-07-30 15:13:46,2024-07-30 15:59:46,Prozess_A,Aufgabe_W
303,2024-07-14 05:37:46,2024-07-14 06:59:46,Prozess_E,Aufgabe_X
304,2024-07-12 08:10:46,2024-07-12 09:51:46,Prozess_D,Aufgabe_Z
305,2024-08-03 17:35:46,2024-08-03 18:29:46,Prozess_D,Aufgabe_X
306,2024-07-17 14:01:46,2024-07-17 14:41:46,Prozess_D,Aufgabe_Y
307,2024-07-20 09:56:46,2024-07-20 11:19:46,Prozess_E,Aufgabe_Z
308,2024-07-17 22:34:46,2024-07-17 23:03:46,Prozess_A,Aufgabe_X
309,2024-07-25 02:17:46,2024-07-25 03:57:46,Prozess_C,Aufgabe_Y
310,2024-08-01 17:14:46,2024-08-01 17:22:46,Prozess_B,Aufgabe_X
311,2024-07-31 17:55:46,2024-07-31 18:08:46,Prozess_A,Aufgabe_W
312,2024-07-14 14:51:46,2024-07-14 16:01:46,Prozess_A,Aufgabe_W
313,2024-08-06 22:02:46,2024-08-06 22:32:46,Prozess_D,Aufgabe_Z
314,2024-07-28 11:56:46,2024-07-28 12:46:46,Prozess_B,Aufgabe_Y
315,2024-07-13 07:20:46,2024-07-13 07:46:46,Prozess_D,Aufgabe_Y
316,2024-07-11 18:02:46,2024-07-11 18:08:46,Prozess_B,Aufgabe_Z
317,2024-08-02 00:46:46,2024-08-02 00:52:46,Prozess_A,Aufgabe_Y
318,2024-07-26 02:25:46,2024-07-26 02:52:46,Prozess_B,Aufgabe_X
319,2024-07-25 09:04:46,2024-07-25 10:13:46,Prozess_C,Aufgabe_Y
320,2024-07-20 16:19:46,2024-07-20 17:29:46,Prozess_A,Aufgabe_V
321,2024-08-08 18:47:46,2024-08-08 20:46:46,Prozess_D,Aufgabe_Y
322,2024-08-02 06:28:46,2024-08-02 06:55:46,Prozess_C,Aufgabe_Y
323,2024-08-09 00:26:46,2024-08-09 01:03:46,Prozess_D,Aufgabe_W
324,2024-07-25 07:44:46,2024-07-25 07:59:46,Prozess_C,Aufgabe_W
325,2024-07-11 15:58:46,2024-07-11 17:25:46,Prozess_A,Aufgabe_Z
326,2024-08-02 16:59:46,2024-08-02 18:33:46,Prozess_C,Aufgabe_W
327,2024-07-20 18:26:46,2024-07-20 19:27:46,Prozess_B,Aufgabe_V
328,2024-08-06 10:55:46,2024-08-06 11:47:46,Prozess_E,Aufgabe_Y
329,2024-07-25 03:25:46,2024-07-25 04:16:46,Prozess_B,Aufgabe_Y
330,2024-07-25 08:11:46,2024-07-25 08:34:46,Prozess_E,Aufgabe_V
331,2024-07-30 20:22:46,2024-07-30 22:07:46,Prozess_E,Aufgabe_Y
332,2024-07-10 15:40:46,2024-07-10 17:14:46,Prozess_A,Aufgabe_Z
333,2024-07-11 00:24:46,2024-07-11 02:24:46,Prozess_A,Aufgabe_Y
334,2024-07-30 03:07:46,2024-07-30 04:48:46,Prozess_C,Aufgabe_Y
335,2024-07-13 02:22:46,2024-07-13 03:12:46,Prozess_E,Aufgabe_V
336,2024-07-27 02:21:46,2024-07-27 02:26:46,Prozess_B,Aufgabe_X
337,2024-08-03 16:43:46,2024-08-03 18:13:46,Prozess_A,Aufgabe_Z
338,2024-07-26 00:46:46,2024-07-26 01:03:46,Prozess_B,Aufgabe_X
339,2024-07-13 04:33:46,2024-07-13 06:03:46,Prozess_B,Aufgabe_V
340,2024-07-17 07:52:46,2024-07-17 08:45:46,Prozess_D,Aufgabe_V
341,2024-08-04 02:42:46,2024-08-04 03:00:46,Prozess_B,Aufgabe_Z
342,2024-08-08 03:16:46,2024-08-08 05:12:46,Prozess_D,Aufgabe_X
343,2024-07-31 13:54:46,2024-07-31 15:21:46,Prozess_A,Aufgabe_W
344,2024-07-23 20:00:46,2024-07-23 20:57:46,Prozess_C,Aufgabe_Z
345,2024-08-01 14:47:46,2024-08-01 15:24:46,Prozess_C,Aufgabe_Y
346,2024-07-11 18:17:46,2024-07-11 19:12:46,Prozess_E,Aufgabe_Y
347,2024-07-22 08:48:46,2024-07-22 10:37:46,Prozess_A,Aufgabe_W
348,2024-07-19 09:23:46,2024-07-19 09:26:46,Prozess_B,Aufgabe_W
349,2024-08-07 15:09:46,2024-08-07 16:38:46,Prozess_E,Aufgabe_Z
350,2024-07-26 10:28:46,2024-07-26 10:35:46,Prozess_D,Aufgabe_W
351,2024-07-13 12:58:46,2024-07-13 13:38:46,Prozess_D,Aufgabe_X
352,2024-08-05 09:34:46,2024-08-05 10:01:46,Prozess_C,Aufgabe_X
353,2024-07-20 18:08:46,2024-07-20 18:19:46,Prozess_B,Aufgabe_X
354,2024-07-21 18:41:46,2024-07-21 19:45:46,Prozess_B,Aufgabe_Y
355,2024-07-21 22:55:46,2024-07-22 00:26:46,Prozess_B,Aufgabe_W
356,2024-08-02 12:48:46,2024-08-02 14:31:46,Prozess_A,Aufgabe_Y
357,2024-07-13 21:13:46,2024-07-13 22:16:46,Prozess_E,Aufgabe_W
358,2024-07-21 02:53:46,2024-07-21 03:26:46,Prozess_B,Aufgabe_Z
359,2024-07-15 15:46:46,2024-07-15 17:37:46,Prozess_C,Aufgabe_Z
360,2024-07-18 20:55:46,2024-07-18 22:49:46,Prozess_A,Aufgabe_Z
361,2024-07-26 01:09:46,2024-07-26 01:26:46,Prozess_D,Aufgabe_Z
362,2024-07-25 09:11:46,2024-07-25 10:16:46,Prozess_D,Aufgabe_W
363,2024-08-03 21:28:46,2024-08-03 22:55:46,Prozess_C,Aufgabe_Z
364,2024-07-27 17:15:46,2024-07-27 18:18:46,Prozess_A,Aufgabe_Z
365,2024-07-24 02:23:46,2024-07-24 03:49:46,Prozess_E,Aufgabe_X
366,2024-07-24 20:53:46,2024-07-24 21:51:46,Prozess_A,Aufgabe_X
367,2024-07-09 19:35:46,2024-07-09 20:41:46,Prozess_D,Aufgabe_V
368,2024-07-30 03:02:46,2024-07-30 04:59:46,Prozess_D,Aufgabe_Z
369,2024-07-19 22:50:46,2024-07-19 23:41:46,Prozess_E,Aufgabe_Y
370,2024-07-31 02:35:46,2024-07-31 03:53:46,Prozess_A,Aufgabe_V
371,2024-07-23 20:26:46,2024-07-23 21:10:46,Prozess_C,Aufgabe_Y
372,2024-08-08 13:18:46,2024-08-08 13:51:46,Prozess_B,Aufgabe_V
373,2024-07-24 23:22:46,2024-07-25 00:36:46,Prozess_E,Aufgabe_W
374,2024-07-15 07:53:46,2024-07-15 09:18:46,Prozess_B,Aufgabe_Z
375,2024-07-19 17:51:46,2024-07-19 19:21:46,Prozess_B,Aufgabe_V
376,2024-07-22 11:01:46,2024-07-22 12:15:46,Prozess_E,Aufgabe_X
377,2024-08-01 07:50:46,2024-08-01 09:46:46,Prozess_E,Aufgabe_X
378,2024-07-15 06:33:46,2024-07-15 07:27:46,Prozess_E,Aufgabe_Y
379,2024-07-29 08:14:46,2024-07-29 10:00:46,Prozess_D,Aufgabe_X
380,2024-07-26 02:42:46,2024-07-26 04:34:46,Prozess_B,Aufgabe_Y
381,2024-07-18 01:44:46,2024-07-18 03:06:46,Prozess_B,Aufgabe_W
382,2024-07-22 18:40:46,2024-07-22 20:03:46,Prozess_B,Aufgabe_Y
383,2024-07-25 16:48:46,2024-07-25 17:16:46,Prozess_A,Aufgabe_V
384,2024-07-19 11:22:46,2024-07-19 12:48:46,Prozess_A,Aufgabe_V
385,2024-07-17 08:47:46,2024-07-17 09:14:46,Prozess_C,Aufgabe_W
386,2024-07-25 19:20:46,2024-07-25 20:50:46,Prozess_C,Aufgabe_W
387,2024-07-13 22:31:46,2024-07-14 00:25:46,Prozess_A,Aufgabe_W
388,2024-08-02 16:44:46,2024-08-02 17:10:46,Prozess_D,Aufgabe_Y
389,2024-07-21 19:03:46,2024-07-21 20:25:46,Prozess_E,Aufgabe_V
390,2024-07-10 20:06:46,2024-07-10 21:22:46,Prozess_C,Aufgabe_Y
391,2024-07-11 20:41:46,2024-07-11 22:16:46,Prozess_C,Aufgabe_X
392,2024-07-21 06:40:46,2024-07-21 07:42:46,Prozess_C,Aufgabe_Z
393,2024-07-18 08:39:46,2024-07-18 08:49:46,Prozess_A,Aufgabe_Z
394,2024-08-09 03:25:46,2024-08-09 04:20:46,Prozess_D,Aufgabe_Y
395,2024-07-20 15:07:46,2024-07-20 16:29:46,Prozess_A,Aufgabe_W
396,2024-07-12 02:13:46,2024-07-12 02:32:46,Prozess_A,Aufgabe_Y
397,2024-07-10 01:09:46,2024-07-10 02:24:46,Prozess_E,Aufgabe_V
398,2024-07-15 23:38:46,2024-07-16 01:21:46,Prozess_C,Aufgabe_Z
399,2024-07-13 08:31:46,2024-07-13 09:10:46,Prozess_D,Aufgabe_Z
400,2024-08-05 19:14:46,2024-08-05 20:29:46,Prozess_C,Aufgabe_W
401,2024-07-20 02:29:46,2024-07-20 04:28:46,Prozess_D,Aufgabe_X
402,2024-07-11 10:35:46,2024-07-11 12:28:46,Prozess_D,Aufgabe_X
403,2024-08-09 12:04:46,2024-08-09 12:08:46,Prozess_A,Aufgabe_Z
404,2024-07-26 10:56:46,2024-07-26 12:00:46,Prozess_B,Aufgabe_W
405,2024-07-20 02:55:46,2024-07-20 03:22:46,Prozess_C,Aufgabe_X
406,2024-08-09 09:50:46,2024-08-09 11:11:46,Prozess_C,Aufgabe_V
407,2024-08-08 19:14:46,2024-08-08 20:10:46,Prozess_B,Aufgabe_Y
408,2024-07-24 11:05:46,2024-07-24 13:02:46,Prozess_D,Aufgabe_Z
409,2024-08-01 01:53:46,2024-08-01 01:54:46,Prozess_A,Aufgabe_V
410,2024-07-10 14:02:46,2024-07-10 14:24:46,Prozess_B,Aufgabe_Y
411,2024-07-21 16:12:46,2024-07-21 17:13:46,Prozess_B,Aufgabe_Z
412,2024-08-08 12:03:46,2024-08-08 13:09:46,Prozess_D,Aufgabe_V
413,2024-07-30 09:18:46,2024-07-30 10:05:46,Prozess_C,Aufgabe_W
414,2024-07-24 12:43:46,2024-07-24 13:48:46,Prozess_D,Aufgabe_Y
415,2024-07-23 14:19:46,2024-07-23 15:35:46,Prozess_E,Aufgabe_W
416,2024-07-20 22:26:46,2024-07-21 00:03:46,Prozess_C,Aufgabe_V
417,2024-07-11 14:09:46,2024-07-11 15:11:46,Prozess_B,Aufgabe_V
418,2024-07-25 03:40:46,2024-07-25 04:30:46,Prozess_C,Aufgabe_X
419,2024-07-25 23:41:46,2024-07-26 01:04:46,Prozess_D,Aufgabe_V
420,2024-08-03 11:29:46,2024-08-03 13:01:46,Prozess_C,Aufgabe_V
421,2024-07-10 19:38:46,2024-07-10 20:47:46,Prozess_B,Aufgabe_Z
422,2024-07-10 12:36:46,2024-07-10 13:18:46,Prozess_A,Aufgabe_X
423,2024-08-01 06:37:46,2024-08-01 08:30:46,Prozess_C,Aufgabe_X
424,2024-07-19 18:42:46,2024-07-19 19:39:46,Prozess_E,Aufgabe_X
425,2024-07-27 23:23:46,2024-07-28 00:21:46,Prozess_E,Aufgabe_V
426,2024-08-04 04:45:46,2024-08-04 05:02:46,Prozess_E,Aufgabe_X
427,2024-07-25 17:52:46,2024-07-25 19:36:46,Prozess_C,Aufgabe_Y
428,2024-07-12 12:26:46,2024-07-12 13:19:46,Prozess_C,Aufgabe_V
429,2024-07-18 06:01:46,2024-07-18 07:56:46,Prozess_B,Aufgabe_Z
430,2024-07-19 15:08:46,2024-07-19 15:41:46,Prozess_C,Aufgabe_X
431,2024-07-09 22:22:46,2024-07-10 00:11:46,Prozess_B,Aufgabe_W
432,2024-07-20 10:46:46,2024-07-20 11:54:46,Prozess_B,Aufgabe_V
433,2024-07-30 17:04:46,2024-07-30 17:11:46,Prozess_C,Aufgabe_V
434,2024-07-17 06:46:46,2024-07-17 08:25:46,Prozess_B,Aufgabe_W
435,2024-08-01 10:06:46,2024-08-01 11:43:46,Prozess_D,Aufgabe_Y
436,2024-08-04 11:13:46,2024-08-04 12:24:46,Prozess_E,Aufgabe_W
437,2024-07-13 22:45:46,2024-07-14 00:35:46,Prozess_D,Aufgabe_W
438,2024-08-03 09:49:46,2024-08-03 10:35:46,Prozess_E,Aufgabe_V
439,2024-08-02 20:30:46,2024-08-02 21:05:46,Prozess_D,Aufgabe_X
440,2024-07-16 11:52:46,2024-07-16 13:01:46,Prozess_D,Aufgabe_Y
441,2024-07-20 03:12:46,2024-07-20 05:07:46,Prozess_B,Aufgabe_Z
442,2024-07-31 16:23:46,2024-07-31 17:33:46,Prozess_B,Aufgabe_Y
443,2024-07-16 04:21:46,2024-07-16 06:20:46,Prozess_C,Aufgabe_W
444,2024-07-27 07:57:46,2024-07-27 09:22:46,Prozess_E,Aufgabe_Z
445,2024-07-20 02:25:46,2024-07-20 02:29:46,Prozess_B,Aufgabe_X
446,2024-07-27 07:42:46,2024-07-27 08:27:46,Prozess_E,Aufgabe_Y
447,2024-08-04 15:06:46,2024-08-04 16:02:46,Prozess_D,Aufgabe_Z
448,2024-07-17 03:32:46,2024-07-17 04:45:46,Prozess_A,Aufgabe_X
449,2024-07-10 20:14:46,2024-07-10 22:04:46,Prozess_E,Aufgabe_Y
450,2024-07-25 18:58:46,2024-07-25 19:32:46,Prozess_D,Aufgabe_X
451,2024-07-29 22:55:46,2024-07-29 23:02:46,Prozess_A,Aufgabe_V
452,2024-07-30 09:32:46,2024-07-30 10:35:46,Prozess_A,Aufgabe_Z
453,2024-07-24 06:11:46,2024-07-24 07:41:46,Prozess_C,Aufgabe_X
454,2024-07-12 16:09:46,2024-07-12 17:31:46,Prozess_D,Aufgabe_Y
455,2024-08-01 08:14:46,2024-08-01 09:38:46,Prozess_A,Aufgabe_X
456,2024-08-03 22:56:46,2024-08-04 00:54:46,Prozess_D,Aufgabe_Y
457,2024-07-26 14:26:46,2024-07-26 16:08:46,Prozess_C,Aufgabe_Z
458,2024-07-15 04:07:46,2024-07-15 04:31:46,Prozess_D,Aufgabe_Y
459,2024-07-13 05:40:46,2024-07-13 07:14:46,Prozess_A,Aufgabe_X
460,2024-07-31 06:31:46,2024-07-31 08:11:46,Prozess_A,Aufgabe_W
461,2024-07-24 08:35:46,2024-07-24 10:00:46,Prozess_D,Aufgabe_Y
462,2024-08-02 09:08:46,2024-08-02 11:08:46,Prozess_D,Aufgabe_V
463,2024-07-30 20:22:46,2024-07-30 20:39:46,Prozess_C,Aufgabe_Z
464,2024-07-23 22:23:46,2024-07-23 23:02:46,Prozess_D,Aufgabe_X
465,2024-07-17 02:29:46,2024-07-17 03:54:46,Prozess_D,Aufgabe_V
466,2024-07-23 12:55:46,2024-07-23 13:45:46,Prozess_A,Aufgabe_X
467,2024-07-18 09:28:46,2024-07-18 10:09:46,Prozess_C,Aufgabe_Z
468,2024-07-27 20:53:46,2024-07-27 22:43:46,Prozess_D,Aufgabe_X
469,2024-07-27 20:55:46,2024-07-27 22:51:46,Prozess_D,Aufgabe_W
470,2024-07-11 10:00:46,2024-07-11 10:05:46,Prozess_C,Aufgabe_Y
471,2024-08-04 16:36:46,2024-08-04 17:47:46,Prozess_A,Aufgabe_X
472,2024-07-17 04:52:46,2024-07-17 06:43:46,Prozess_C,Aufgabe_W
473,2024-07-20 06:13:46,2024-07-20 08:03:46,Prozess_B,Aufgabe_X
474,2024-07-30 15:17:46,2024-07-30 15:54:46,Prozess_B,Aufgabe_V
475,2024-07-22 23:53:46,2024-07-23 00:41:46,Prozess_E,Aufgabe_X
476,2024-08-08 01:28:46,2024-08-08 03:25:46,Prozess_A,Aufgabe_X
477,2024-08-02 13:15:46,2024-08-02 14:22:46,Prozess_A,Aufgabe_W
478,2024-07-23 08:57:46,2024-07-23 10:28:46,Prozess_B,Aufgabe_W
479,2024-07-17 10:26:46,2024-07-17 10:32:46,Prozess_D,Aufgabe_X
480,2024-07-21 15:03:46,2024-07-21 15:28:46,Prozess_B,Aufgabe_W
481,2024-08-08 19:01:46,2024-08-08 20:20:46,Prozess_C,Aufgabe_Z
482,2024-07-22 14:01:46,2024-07-22 14:47:46,Prozess_A,Aufgabe_V
483,2024-07-24 21:16:46,2024-07-24 21:29:46,Prozess_C,Aufgabe_V
484,2024-07-28 10:05:46,2024-07-28 10:53:46,Prozess_C,Aufgabe_V
485,2024-07-23 21:23:46,2024-07-23 23:17:46,Prozess_E,Aufgabe_X
486,2024-07-26 05:01:46,2024-07-26 06:24:46,Prozess_D,Aufgabe_Z
487,2024-07-19 04:59:46,2024-07-19 05:15:46,Prozess_A,Aufgabe_Y
488,2024-07-14 00:20:46,2024-07-14 00:53:46,Prozess_A,Aufgabe_Z
489,2024-07-30 02:56:46,2024-07-30 04:49:46,Prozess_B,Aufgabe_Z
490,2024-07-25 02:28:46,2024-07-25 03:08:46,Prozess_E,Aufgabe_X
491,2024-07-29 10:54:46,2024-07-29 11:15:46,Prozess_C,Aufgabe_W
492,2024-07-27 13:49:46,2024-07-27 15:13:46,Prozess_C,Aufgabe_W
493,2024-07-11 05:03:46,2024-07-11 06:15:46,Prozess_D,Aufgabe_Z
494,2024-07-09 22:12:46,2024-07-09 22:46:46,Prozess_D,Aufgabe_X
495,2024-07-19 17:30:46,2024-07-19 19:27:46,Prozess_E,Aufgabe_Z
496,2024-07-29 22:26:46,2024-07-29 23:38:46,Prozess_D,Aufgabe_Z
497,2024-07-22 06:24:46,2024-07-22 07:38:46,Prozess_A,Aufgabe_Y
498,2024-07-11 14:41:46,2024-07-11 14:59:46,Prozess_D,Aufgabe_X
499,2024-07-26 11:05:46,2024-07-26 13:00:46,Prozess_B,Aufgabe_W
500,2024-07-28 05:00:46,2024-07-28 05:38:46,Prozess_E,Aufgabe_W
501,2024-07-15 07:52:46,2024-07-15 09:38:46,Prozess_C,Aufgabe_W
502,2024-07-15 21:58:46,2024-07-15 22:41:46,Prozess_A,Aufgabe_Y
503,2024-07-17 16:53:46,2024-07-17 17:49:46,Prozess_D,Aufgabe_Y
504,2024-07-12 00:08:46,2024-07-12 00:35:46,Prozess_E,Aufgabe_Y
505,2024-07-10 09:45:46,2024-07-10 10:30:46,Prozess_C,Aufgabe_Y
506,2024-08-05 14:38:46,2024-08-05 14:46:46,Prozess_A,Aufgabe_Z
507,2024-07-23 06:37:46,2024-07-23 08:16:46,Prozess_A,Aufgabe_Z
508,2024-07-22 04:10:46,2024-07-22 05:31:46,Prozess_C,Aufgabe_X
509,2024-08-03 04:56:46,2024-08-03 04:58:46,Prozess_B,Aufgabe_W
510,2024-07-19 19:00:46,2024-07-19 19:25:46,Prozess_B,Aufgabe_Z
511,2024-07-19 21:10:46,2024-07-19 22:11:46,Prozess_D,Aufgabe_W
512,2024-07-12 06:00:46,2024-07-12 07:55:46,Prozess_C,Aufgabe_X
513,2024-07-27 17:01:46,2024-07-27 17:07:46,Prozess_B,Aufgabe_Z
514,2024-07-16 09:42:46,2024-07-16 10:21:46,Prozess_D,Aufgabe_Y
515,2024-07-24 09:46:46,2024-07-24 11:20:46,Prozess_C,Aufgabe_X
516,2024-07-27 18:21:46,2024-07-27 19:22:46,Prozess_A,Aufgabe_Y
517,2024-07-18 23:44:46,2024-07-19 01:22:46,Prozess_A,Aufgabe_X
518,2024-07-26 10:49:46,2024-07-26 11:21:46,Prozess_D,Aufgabe_W
519,2024-07-29 13:35:46,2024-07-29 14:28:46,Prozess_C,Aufgabe_Z
520,2024-07-30 07:04:46,2024-07-30 07:39:46,Prozess_C,Aufgabe_V
521,2024-08-09 17:58:46,2024-08-09 18:53:46,Prozess_B,Aufgabe_V
522,2024-07-25 09:31:46,2024-07-25 11:01:46,Prozess_D,Aufgabe_X
523,2024-07-21 20:36:46,2024-07-21 22:02:46,Prozess_D,Aufgabe_Y
524,2024-07-22 07:35:46,2024-07-22 09:23:46,Prozess_B,Aufgabe_W
525,2024-07-16 03:57:46,2024-07-16 05:39:46,Prozess_B,Aufgabe_V
526,2024-07-30 03:45:46,2024-07-30 04:51:46,Prozess_A,Aufgabe_Z
527,2024-07-16 02:55:46,2024-07-16 03:35:46,Prozess_B,Aufgabe_V
528,2024-08-06 09:40:46,2024-08-06 10:23:46,Prozess_B,Aufgabe_X
529,2024-07-27 01:08:46,2024-07-27 02:55:46,Prozess_B,Aufgabe_V
530,2024-07-19 09:51:46,2024-07-19 10:39:46,Prozess_B,Aufgabe_Y
531,2024-07-30 21:03:46,2024-07-30 21:07:46,Prozess_E,Aufgabe_Z
532,2024-07-13 02:16:46,2024-07-13 04:04:46,Prozess_A,Aufgabe_X
533,2024-08-06 15:07:46,2024-08-06 15:13:46,Prozess_E,Aufgabe_V
534,2024-07-18 03:36:46,2024-07-18 03:43:46,Prozess_D,Aufgabe_V
535,2024-07-17 08:55:46,2024-07-17 10:35:46,Prozess_C,Aufgabe_W
536,2024-07-31 14:28:46,2024-07-31 14:46:46,Prozess_B,Aufgabe_X
537,2024-07-20 08:57:46,2024-07-20 10:16:46,Prozess_B,Aufgabe_V
538,2024-07-18 15:12:46,2024-07-18 15:55:46,Prozess_D,Aufgabe_Y
539,2024-07-21 14:41:46,2024-07-21 15:39:46,Prozess_A,Aufgabe_V
540,2024-07-16 10:03:46,2024-07-16 10:47:46,Prozess_B,Aufgabe_Z
541,2024-08-02 08:10:46,2024-08-02 08:54:46,Prozess_E,Aufgabe_V
542,2024-08-09 11:33:46,2024-08-09 12:58:46,Prozess_C,Aufgabe_W
543,2024-07-29 01:08:46,2024-07-29 02:47:46,Prozess_B,Aufgabe_X
544,2024-07-27 02:49:46,2024-07-27 02:56:46,Prozess_D,Aufgabe_X
545,2024-07-10 14:47:46,2024-07-10 15:41:46,Prozess_A,Aufgabe_Y
546,2024-07-15 13:41:46,2024-07-15 14:10:46,Prozess_D,Aufgabe_W
547,2024-07-09 21:40:46,2024-07-09 22:23:46,Prozess_C,Aufgabe_W
548,2024-07-11 05:34:46,2024-07-11 07:16:46,Prozess_A,Aufgabe_W
549,2024-08-07 08:48:46,2024-08-07 09:58:46,Prozess_E,Aufgabe_X
550,2024-07-18 09:46:46,2024-07-18 11:19:46,Prozess_B,Aufgabe_Z
551,2024-07-13 15:29:46,2024-07-13 16:25:46,Prozess_C,Aufgabe_Z
552,2024-08-09 08:53:46,2024-08-09 10:50:46,Prozess_B,Aufgabe_W
553,2024-07-29 17:45:46,2024-07-29 19:31:46,Prozess_B,Aufgabe_W
554,2024-07-18 08:51:46,2024-07-18 09:34:46,Prozess_D,Aufgabe_Z
555,2024-07-20 11:33:46,2024-07-20 11:57:46,Prozess_B,Aufgabe_X
556,2024-07-25 21:05:46,2024-07-25 21:16:46,Prozess_B,Aufgabe_V
557,2024-07-30 09:05:46,2024-07-30 09:59:46,Prozess_B,Aufgabe_V
558,2024-08-05 13:28:46,2024-08-05 14:47:46,Prozess_B,Aufgabe_Z
559,2024-07-26 14:43:46,2024-07-26 16:29:46,Prozess_D,Aufgabe_Z
560,2024-07-20 11:36:46,2024-07-20 11:53:46,Prozess_D,Aufgabe_V
561,2024-07-11 15:48:46,2024-07-11 16:38:46,Prozess_E,Aufgabe_W
562,2024-07-10 21:52:46,2024-07-10 22:09:46,Prozess_A,Aufgabe_X
563,2024-08-08 07:50:46,2024-08-08 08:48:46,Prozess_C,Aufgabe_W
564,2024-08-09 05:10:46,2024-08-09 06:22:46,Prozess_B,Aufgabe_V
565,2024-07-14 19:28:46,2024-07-14 20:00:46,Prozess_E,Aufgabe_V
566,2024-07-30 00:07:46,2024-07-30 01:18:46,Prozess_E,Aufgabe_V
567,2024-07-14 05:38:46,2024-07-14 07:35:46,Prozess_A,Aufgabe_X
568,2024-07-13 07:45:46,2024-07-13 09:21:46,Prozess_B,Aufgabe_Y
569,2024-07-09 22:55:46,2024-07-09 23:58:46,Prozess_E,Aufgabe_Z
570,2024-07-29 06:44:46,2024-07-29 08:13:46,Prozess_A,Aufgabe_Z
571,2024-07-27 05:35:46,2024-07-27 07:08:46,Prozess_D,Aufgabe_Z
572,2024-08-07 16:47:46,2024-08-07 18:42:46,Prozess_C,Aufgabe_W
573,2024-07-20 03:45:46,2024-07-20 04:28:46,Prozess_C,Aufgabe_Y
574,2024-07-26 16:36:46,2024-07-26 17:02:46,Prozess_A,Aufgabe_X
575,2024-07-28 15:50:46,2024-07-28 17:20:46,Prozess_D,Aufgabe_W
576,2024-08-04 18:36:46,2024-08-04 20:01:46,Prozess_E,Aufgabe_V
577,2024-08-05 20:34:46,2024-08-05 21:26:46,Prozess_B,Aufgabe_V
578,2024-08-06 19:05:46,2024-08-06 20:05:46,Prozess_C,Aufgabe_X
579,2024-07-21 10:36:46,2024-07-21 11:17:46,Prozess_C,Aufgabe_W
580,2024-07-30 09:52:46,2024-07-30 10:07:46,Prozess_D,Aufgabe_V
581,2024-08-08 05:27:46,2024-08-08 06:45:46,Prozess_B,Aufgabe_X
582,2024-08-04 22:46:46,2024-08-04 23:03:46,Prozess_E,Aufgabe_Y
583,2024-08-06 03:34:46,2024-08-06 04:54:46,Prozess_E,Aufgabe_Z
584,2024-08-02 13:56:46,2024-08-02 14:05:46,Prozess_A,Aufgabe_V
585,2024-07-29 05:31:46,2024-07-29 06:04:46,Prozess_B,Aufgabe_Y
586,2024-07-25 08:40:46,2024-07-25 08:48:46,Prozess_A,Aufgabe_W
587,2024-07-15 19:19:46,2024-07-15 20:44:46,Prozess_A,Aufgabe_W
588,2024-07-14 14:06:46,2024-07-14 14:27:46,Prozess_A,Aufgabe_Y
589,2024-07-25 13:59:46,2024-07-25 15:04:46,Prozess_C,Aufgabe_Y
590,2024-08-09 16:08:46,2024-08-09 17:11:46,Prozess_B,Aufgabe_W
591,2024-08-06 05:24:46,2024-08-06 07:20:46,Prozess_D,Aufgabe_W
592,2024-07-12 00:34:46,2024-07-12 01:05:46,Prozess_E,Aufgabe_V
593,2024-07-13 11:59:46,2024-07-13 12:32:46,Prozess_E,Aufgabe_X
594,2024-07-31 22:48:46,2024-07-31 23:06:46,Prozess_E,Aufgabe_Z
595,2024-07-23 00:54:46,2024-07-23 01:33:46,Prozess_C,Aufgabe_Z
596,2024-08-02 01:08:46,2024-08-02 03:07:46,Prozess_C,Aufgabe_W
597,2024-07-22 04:07:46,2024-07-22 04:20:46,Prozess_E,Aufgabe_Y
598,2024-08-01 03:58:46,2024-08-01 05:21:46,Prozess_A,Aufgabe_W
599,2024-07-27 06:38:46,2024-07-27 07:43:46,Prozess_A,Aufgabe_X
600,2024-07-13 13:01:46,2024-07-13 14:08:46,Prozess_D,Aufgabe_Y
601,2024-08-02 14:35:46,2024-08-02 15:08:46,Prozess_B,Aufgabe_W
602,2024-07-27 17:29:46,2024-07-27 18:23:46,Prozess_B,Aufgabe_W
603,2024-07-25 13:57:46,2024-07-25 15:57:46,Prozess_A,Aufgabe_Z
604,2024-07-20 03:00:46,2024-07-20 04:27:46,Prozess_D,Aufgabe_V
605,2024-08-02 20:45:46,2024-08-02 21:11:46,Prozess_C,Aufgabe_Z
606,2024-07-20 21:27:46,2024-07-20 22:00:46,Prozess_B,Aufgabe_Z
607,2024-07-31 22:34:46,2024-07-31 22:54:46,Prozess_A,Aufgabe_V
608,2024-07-31 14:17:46,2024-07-31 16:09:46,Prozess_E,Aufgabe_V
609,2024-07-15 12:24:46,2024-07-15 12:48:46,Prozess_D,Aufgabe_V
610,2024-07-23 19:41:46,2024-07-23 20:24:46,Prozess_E,Aufgabe_Y
611,2024-07-27 16:59:46,2024-07-27 17:31:46,Prozess_D,Aufgabe_W
612,2024-08-03 14:56:46,2024-08-03 15:21:46,Prozess_E,Aufgabe_V
613,2024-07-11 04:29:46,2024-07-11 05:46:46,Prozess_D,Aufgabe_V
614,2024-08-09 10:47:46,2024-08-09 12:21:46,Prozess_D,Aufgabe_Y
615,2024-07-15 18:26:46,2024-07-15 20:02:46,Prozess_B,Aufgabe_X
616,2024-07-16 12:43:46,2024-07-16 14:19:46,Prozess_D,Aufgabe_Z
617,2024-07-14 13:36:46,2024-07-14 14:45:46,Prozess_B,Aufgabe_Y
618,2024-07-27 00:36:46,2024-07-27 02:30:46,Prozess_B,Aufgabe_X
619,2024-07-11 15:04:46,2024-07-11 15:39:46,Prozess_E,Aufgabe_X
620,2024-07-12 00:13:46,2024-07-12 00:24:46,Prozess_C,Aufgabe_X
621,2024-08-09 00:02:46,2024-08-09 01:10:46,Prozess_A,Aufgabe_Y
622,2024-08-06 02:49:46,2024-08-06 03:20:46,Prozess_A,Aufgabe_W
623,2024-08-01 14:33:46,2024-08-01 15:46:46,Prozess_B,Aufgabe_Y
624,2024-07-14 02:55:46,2024-07-14 03:45:46,Prozess_A,Aufgabe_W
625,2024-08-06 03:33:46,2024-08-06 04:39:46,Prozess_D,Aufgabe_Z
626,2024-07-22 00:02:46,2024-07-22 00:46:46,Prozess_D,Aufgabe_V
627,2024-07-21 00:22:46,2024-07-21 02:09:46,Prozess_B,Aufgabe_X
628,2024-07-13 21:54:46,2024-07-13 22:54:46,Prozess_E,Aufgabe_X
629,2024-07-19 02:12:46,2024-07-19 03:19:46,Prozess_B,Aufgabe_Y
630,2024-07-27 17:45:46,2024-07-27 18:07:46,Prozess_E,Aufgabe_X
631,2024-07-23 02:39:46,2024-07-23 03:44:46,Prozess_C,Aufgabe_Z
632,2024-07-23 13:06:46,2024-07-23 14:36:46,Prozess_E,Aufgabe_Z
633,2024-07-14 03:53:46,2024-07-14 05:27:46,Prozess_A,Aufgabe_Y
634,2024-07-22 01:44:46,2024-07-22 02:56:46,Prozess_B,Aufgabe_X
635,2024-07-22 04:40:46,2024-07-22 06:33:46,Prozess_B,Aufgabe_V
636,2024-07-11 01:06:46,2024-07-11 02:12:46,Prozess_A,Aufgabe_V
637,2024-07-12 10:48:46,2024-07-12 12:14:46,Prozess_B,Aufgabe_Y
638,2024-07-19 17:33:46,2024-07-19 18:30:46,Prozess_A,Aufgabe_Z
639,2024-07-20 18:53:46,2024-07-20 19:20:46,Prozess_A,Aufgabe_Z
640,2024-07-20 00:40:46,2024-07-20 02:10:46,Prozess_B,Aufgabe_X
641,2024-07-21 08:41:46,2024-07-21 09:59:46,Prozess_E,Aufgabe_W
642,2024-08-01 07:41:46,2024-08-01 08:00:46,Prozess_C,Aufgabe_X
643,2024-08-03 06:20:46,2024-08-03 07:07:46,Prozess_B,Aufgabe_Z
644,2024-07-14 05:56:46,2024-07-14 06:49:46,Prozess_D,Aufgabe_X
645,2024-07-28 22:31:46,2024-07-28 23:38:46,Prozess_E,Aufgabe_Z
646,2024-07-13 10:47:46,2024-07-13 11:21:46,Prozess_E,Aufgabe_Z
647,2024-07-10 22:51:46,2024-07-10 22:59:46,Prozess_A,Aufgabe_V
648,2024-08-02 13:49:46,2024-08-02 13:58:46,Prozess_D,Aufgabe_V
649,2024-07-21 02:10:46,2024-07-21 03:48:46,Prozess_D,Aufgabe_W
650,2024-07-17 11:59:46,2024-07-17 12:47:46,Prozess_D,Aufgabe_Y
651,2024-07-25 22:02:46,2024-07-25 22:16:46,Prozess_B,Aufgabe_W
652,2024-07-18 20:49:46,2024-07-18 22:15:46,Prozess_A,Aufgabe_Y
653,2024-08-01 12:06:46,2024-08-01 12:48:46,Prozess_C,Aufgabe_Z
654,2024-08-03 14:36:46,2024-08-03 15:03:46,Prozess_D,Aufgabe_Y
655,2024-08-08 22:47:46,2024-08-09 00:32:46,Prozess_E,Aufgabe_Y
656,2024-07-31 23:42:46,2024-08-01 00:29:46,Prozess_C,Aufgabe_V
657,2024-07-18 17:57:46,2024-07-18 18:06:46,Prozess_D,Aufgabe_X
658,2024-07-24 03:15:46,2024-07-24 04:13:46,Prozess_B,Aufgabe_V
659,2024-07-19 01:21:46,2024-07-19 02:07:46,Prozess_D,Aufgabe_W
660,2024-08-06 03:18:46,2024-08-06 05:10:46,Prozess_D,Aufgabe_Z
661,2024-08-02 00:04:46,2024-08-02 00:41:46,Prozess_E,Aufgabe_X
662,2024-08-07 11:44:46,2024-08-07 12:03:46,Prozess_C,Aufgabe_Z
663,2024-07-30 09:16:46,2024-07-30 09:34:46,Prozess_A,Aufgabe_V
664,2024-07-12 12:51:46,2024-07-12 13:59:46,Prozess_D,Aufgabe_Z
665,2024-07-23 08:12:46,2024-07-23 09:34:46,Prozess_C,Aufgabe_Z
666,2024-07-14 01:53:46,2024-07-14 02:48:46,Prozess_B,Aufgabe_V
667,2024-07-13 18:47:46,2024-07-13 18:50:46,Prozess_B,Aufgabe_Y
668,2024-08-04 19:45:46,2024-08-04 20:24:46,Prozess_B,Aufgabe_Z
669,2024-08-01 07:46:46,2024-08-01 09:00:46,Prozess_B,Aufgabe_Z
670,2024-08-02 07:22:46,2024-08-02 09:22:46,Prozess_E,Aufgabe_Z
671,2024-08-04 13:21:46,2024-08-04 14:05:46,Prozess_E,Aufgabe_X
672,2024-08-07 20:16:46,2024-08-07 20:59:46,Prozess_C,Aufgabe_V
673,2024-07-18 18:52:46,2024-07-18 20:51:46,Prozess_D,Aufgabe_Y
674,2024-07-20 03:20:46,2024-07-20 03:56:46,Prozess_A,Aufgabe_V
675,2024-08-06 16:03:46,2024-08-06 17:41:46,Prozess_B,Aufgabe_X
676,2024-07-31 15:19:46,2024-07-31 15:58:46,Prozess_E,Aufgabe_Y
677,2024-07-15 12:57:46,2024-07-15 14:18:46,Prozess_D,Aufgabe_X
678,2024-07-18 12:30:46,2024-07-18 13:01:46,Prozess_A,Aufgabe_W
679,2024-07-20 18:12:46,2024-07-20 18:30:46,Prozess_D,Aufgabe_X
680,2024-07-28 04:20:46,2024-07-28 04:25:46,Prozess_A,Aufgabe_X
681,2024-07-26 23:57:46,2024-07-27 00:30:46,Prozess_D,Aufgabe_W
682,2024-08-01 21:57:46,2024-08-01 23:09:46,Prozess_E,Aufgabe_X
683,2024-07-18 01:18:46,2024-07-18 02:01:46,Prozess_E,Aufgabe_Y
684,2024-08-04 09:53:46,2024-08-04 11:42:46,Prozess_E,Aufgabe_X
685,2024-07-18 18:44:46,2024-07-18 19:57:46,Prozess_C,Aufgabe_Z
686,2024-08-04 22:04:46,2024-08-04 23:50:46,Prozess_B,Aufgabe_X
687,2024-08-01 04:55:46,2024-08-01 05:44:46,Prozess_E,Aufgabe_Y
688,2024-07-30 20:28:46,2024-07-30 20:50:46,Prozess_C,Aufgabe_Y
689,2024-08-03 03:08:46,2024-08-03 04:53:46,Prozess_D,Aufgabe_W
690,2024-08-05 05:51:46,2024-08-05 06:37:46,Prozess_D,Aufgabe_Y
691,2024-08-04 11:26:46,2024-08-04 13:07:46,Prozess_B,Aufgabe_W
692,2024-08-03 10:19:46,2024-08-03 11:27:46,Prozess_E,Aufgabe_V
693,2024-08-08 01:57:46,2024-08-08 02:33:46,Prozess_D,Aufgabe_Z
694,2024-07-22 06:13:46,2024-07-22 07:36:46,Prozess_D,Aufgabe_V
695,2024-07-11 22:06:46,2024-07-11 22:51:46,Prozess_D,Aufgabe_Y
696,2024-08-01 09:04:46,2024-08-01 10:17:46,Prozess_B,Aufgabe_Y
697,2024-07-31 02:39:46,2024-07-31 04:28:46,Prozess_A,Aufgabe_Y
698,2024-07-27 03:03:46,2024-07-27 05:02:46,Prozess_A,Aufgabe_Y
699,2024-07-11 10:54:46,2024-07-11 11:31:46,Prozess_A,Aufgabe_X
700,2024-07-13 07:01:46,2024-07-13 08:10:46,Prozess_A,Aufgabe_V
701,2024-08-09 06:01:46,2024-08-09 07:33:46,Prozess_E,Aufgabe_W
702,2024-07-21 14:03:46,2024-07-21 15:59:46,Prozess_E,Aufgabe_Y
703,2024-08-03 15:13:46,2024-08-03 16:27:46,Prozess_E,Aufgabe_Z
704,2024-07-16 09:09:46,2024-07-16 10:01:46,Prozess_A,Aufgabe_V
705,2024-07-11 00:56:46,2024-07-11 01:13:46,Prozess_E,Aufgabe_Z
706,2024-07-25 11:35:46,2024-07-25 13:29:46,Prozess_B,Aufgabe_X
707,2024-07-12 20:06:46,2024-07-12 21:37:46,Prozess_E,Aufgabe_Y
708,2024-08-03 23:39:46,2024-08-04 00:01:46,Prozess_C,Aufgabe_X
709,2024-07-26 05:44:46,2024-07-26 07:24:46,Prozess_E,Aufgabe_W
710,2024-07-16 02:03:46,2024-07-16 03:26:46,Prozess_C,Aufgabe_W
711,2024-07-18 06:33:46,2024-07-18 07:55:46,Prozess_D,Aufgabe_Z
712,2024-08-05 00:42:46,2024-08-05 01:26:46,Prozess_E,Aufgabe_Z
713,2024-07-22 10:59:46,2024-07-22 12:11:46,Prozess_D,Aufgabe_Y
714,2024-07-29 01:21:46,2024-07-29 02:43:46,Prozess_D,Aufgabe_V
715,2024-07-24 19:24:46,2024-07-24 20:33:46,Prozess_D,Aufgabe_X
716,2024-08-07 20:42:46,2024-08-07 21:58:46,Prozess_B,Aufgabe_W
717,2024-08-04 18:40:46,2024-08-04 19:01:46,Prozess_D,Aufgabe_W
718,2024-07-31 10:37:46,2024-07-31 11:37:46,Prozess_C,Aufgabe_W
719,2024-08-08 01:26:46,2024-08-08 02:53:46,Prozess_C,Aufgabe_Z
720,2024-07-11 22:43:46,2024-07-12 00:24:46,Prozess_A,Aufgabe_Z
721,2024-07-23 10:02:46,2024-07-23 10:20:46,Prozess_B,Aufgabe_W
722,2024-07-16 21:57:46,2024-07-16 23:43:46,Prozess_A,Aufgabe_W
723,2024-07-27 14:03:46,2024-07-27 15:49:46,Prozess_B,Aufgabe_Y
724,2024-07-30 09:54:46,2024-07-30 11:52:46,Prozess_C,Aufgabe_V
725,2024-07-14 14:34:46,2024-07-14 15:35:46,Prozess_A,Aufgabe_Y
726,2024-07-24 01:03:46,2024-07-24 02:25:46,Prozess_C,Aufgabe_V
727,2024-07-16 12:03:46,2024-07-16 13:25:46,Prozess_A,Aufgabe_Y
728,2024-07-28 08:20:46,2024-07-28 09:39:46,Prozess_B,Aufgabe_Y
729,2024-07-23 05:46:46,2024-07-23 07:45:46,Prozess_B,Aufgabe_X
730,2024-08-09 04:43:46,2024-08-09 06:04:46,Prozess_C,Aufgabe_X
731,2024-07-16 00:44:46,2024-07-16 02:37:46,Prozess_C,Aufgabe_Y
732,2024-07-22 02:47:46,2024-07-22 04:36:46,Prozess_D,Aufgabe_W
733,2024-07-27 15:12:46,2024-07-27 16:02:46,Prozess_D,Aufgabe_V
734,2024-07-14 00:17:46,2024-07-14 02:04:46,Prozess_E,Aufgabe_V
735,2024-07-25 04:41:46,2024-07-25 06:32:46,Prozess_B,Aufgabe_V
736,2024-08-05 19:23:46,2024-08-05 20:49:46,Prozess_B,Aufgabe_Z
737,2024-07-21 01:04:46,2024-07-21 02:24:46,Prozess_A,Aufgabe_Y
738,2024-07-18 13:37:46,2024-07-18 14:35:46,Prozess_B,Aufgabe_V
739,2024-07-31 10:54:46,2024-07-31 11:30:46,Prozess_B,Aufgabe_Z
740,2024-07-27 18:11:46,2024-07-27 18:12:46,Prozess_D,Aufgabe_Y
741,2024-08-04 16:27:46,2024-08-04 17:00:46,Prozess_A,Aufgabe_X
742,2024-08-02 05:20:46,2024-08-02 06:00:46,Prozess_A,Aufgabe_X
743,2024-08-04 04:30:46,2024-08-04 06:22:46,Prozess_D,Aufgabe_W
744,2024-07-15 12:58:46,2024-07-15 13:37:46,Prozess_D,Aufgabe_Z
745,2024-07-28 20:30:46,2024-07-28 22:00:46,Prozess_C,Aufgabe_V
746,2024-07-31 16:49:46,2024-07-31 18:41:46,Prozess_C,Aufgabe_X
747,2024-08-02 05:13:46,2024-08-02 06:17:46,Prozess_A,Aufgabe_Y
748,2024-07-22 14:45:46,2024-07-22 15:19:46,Prozess_D,Aufgabe_Z
749,2024-08-06 12:28:46,2024-08-06 14:13:46,Prozess_C,Aufgabe_V
750,2024-08-02 07:23:46,2024-08-02 08:30:46,Prozess_E,Aufgabe_Y
751,2024-08-03 06:20:46,2024-08-03 07:16:46,Prozess_A,Aufgabe_X
752,2024-08-07 10:19:46,2024-08-07 10:33:46,Prozess_B,Aufgabe_X
753,2024-08-05 10:07:46,2024-08-05 11:34:46,Prozess_B,Aufgabe_Z
754,2024-08-01 00:10:46,2024-08-01 00:49:46,Prozess_B,Aufgabe_X
755,2024-07-26 01:47:46,2024-07-26 03:46:46,Prozess_D,Aufgabe_V
756,2024-07-22 06:16:46,2024-07-22 06:41:46,Prozess_B,Aufgabe_X
757,2024-07-21 11:43:46,2024-07-21 12:56:46,Prozess_D,Aufgabe_V
758,2024-08-04 06:06:46,2024-08-04 07:51:46,Prozess_C,Aufgabe_X
759,2024-07-27 20:57:46,2024-07-27 21:43:46,Prozess_B,Aufgabe_Z
760,2024-08-06 16:05:46,2024-08-06 16:55:46,Prozess_A,Aufgabe_Z
761,2024-07-18 22:34:46,2024-07-19 00:05:46,Prozess_C,Aufgabe_W
762,2024-07-30 01:15:46,2024-07-30 02:25:46,Prozess_C,Aufgabe_W
763,2024-08-05 11:34:46,2024-08-05 13:21:46,Prozess_E,Aufgabe_X
764,2024-08-08 12:09:46,2024-08-08 12:51:46,Prozess_A,Aufgabe_X
765,2024-07-28 18:23:46,2024-07-28 20:18:46,Prozess_C,Aufgabe_X
766,2024-07-09 23:30:46,2024-07-10 00:02:46,Prozess_C,Aufgabe_Y
767,2024-07-20 05:17:46,2024-07-20 05:19:46,Prozess_D,Aufgabe_Y
768,2024-07-28 00:11:46,2024-07-28 02:08:46,Prozess_B,Aufgabe_Y
769,2024-07-11 17:06:46,2024-07-11 18:03:46,Prozess_D,Aufgabe_V
770,2024-07-11 08:35:46,2024-07-11 10:24:46,Prozess_E,Aufgabe_V
771,2024-07-30 21:31:46,2024-07-30 21:45:46,Prozess_C,Aufgabe_X
772,2024-07-10 06:01:46,2024-07-10 06:56:46,Prozess_C,Aufgabe_Z
773,2024-07-13 11:03:46,2024-07-13 12:37:46,Prozess_A,Aufgabe_W
774,2024-07-13 04:14:46,2024-07-13 05:02:46,Prozess_A,Aufgabe_X
775,2024-08-06 01:23:46,2024-08-06 02:45:46,Prozess_A,Aufgabe_V
776,2024-07-16 08:22:46,2024-07-16 09:30:46,Prozess_E,Aufgabe_X
777,2024-07-24 05:09:46,2024-07-24 07:08:46,Prozess_D,Aufgabe_X
778,2024-07-23 14:58:46,2024-07-23 15:44:46,Prozess_A,Aufgabe_Y
779,2024-07-23 17:37:46,2024-07-23 17:45:46,Prozess_E,Aufgabe_X
780,2024-07-16 14:36:46,2024-07-16 16:06:46,Prozess_D,Aufgabe_Z
781,2024-08-05 23:20:46,2024-08-06 00:33:46,Prozess_C,Aufgabe_Y
782,2024-07-27 07:18:46,2024-07-27 08:57:46,Prozess_A,Aufgabe_Y
783,2024-07-14 16:31:46,2024-07-14 17:33:46,Prozess_A,Aufgabe_V
784,2024-07-24 19:53:46,2024-07-24 20:40:46,Prozess_A,Aufgabe_Y
785,2024-07-30 20:41:46,2024-07-30 22:35:46,Prozess_C,Aufgabe_W
786,2024-07-19 06:43:46,2024-07-19 07:33:46,Prozess_E,Aufgabe_Y
787,2024-07-22 20:46:46,2024-07-22 21:36:46,Prozess_C,Aufgabe_V
788,2024-07-18 05:23:46,2024-07-18 05:33:46,Prozess_C,Aufgabe_X
789,2024-07-12 22:42:46,2024-07-12 23:46:46,Prozess_D,Aufgabe_Z
790,2024-07-21 16:52:46,2024-07-21 16:54:46,Prozess_B,Aufgabe_V
791,2024-07-24 18:32:46,2024-07-24 19:31:46,Prozess_D,Aufgabe_W
792,2024-07-11 06:32:46,2024-07-11 06:58:46,Prozess_A,Aufgabe_W
793,2024-08-08 13:26:46,2024-08-08 15:24:46,Prozess_E,Aufgabe_Y
794,2024-07-26 23:57:46,2024-07-27 01:54:46,Prozess_D,Aufgabe_Z
795,2024-07-13 00:20:46,2024-07-13 00:28:46,Prozess_C,Aufgabe_Y
796,2024-07-12 23:32:46,2024-07-13 01:03:46,Prozess_C,Aufgabe_Y
797,2024-07-20 08:08:46,2024-07-20 09:48:46,Prozess_B,Aufgabe_Y
798,2024-07-25 16:32:46,2024-07-25 17:11:46,Prozess_B,Aufgabe_Z
799,2024-08-08 19:51:46,2024-08-08 21:41:46,Prozess_B,Aufgabe_Z
800,2024-07-19 11:14:46,2024-07-19 12:30:46,Prozess_B,Aufgabe_Z
801,2024-07-15 07:46:46,2024-07-15 08:28:46,Prozess_E,Aufgabe_V
802,2024-07-17 08:20:46,2024-07-17 09:49:46,Prozess_A,Aufgabe_Y
803,2024-07-28 00:54:46,2024-07-28 01:21:46,Prozess_E,Aufgabe_V
804,2024-07-26 09:26:46,2024-07-26 10:22:46,Prozess_C,Aufgabe_Y
805,2024-08-06 09:28:46,2024-08-06 10:27:46,Prozess_C,Aufgabe_W
806,2024-07-19 15:03:46,2024-07-19 16:03:46,Prozess_A,Aufgabe_X
807,2024-08-08 01:16:46,2024-08-08 03:06:46,Prozess_D,Aufgabe_W
808,2024-07-09 22:37:46,2024-07-09 23:33:46,Prozess_C,Aufgabe_V
809,2024-08-05 11:34:46,2024-08-05 11:43:46,Prozess_D,Aufgabe_W
810,2024-07-23 17:49:46,2024-07-23 19:38:46,Prozess_C,Aufgabe_Z
811,2024-07-19 04:55:46,2024-07-19 05:11:46,Prozess_E,Aufgabe_X
812,2024-07-15 22:07:46,2024-07-15 23:57:46,Prozess_C,Aufgabe_Z
813,2024-08-09 05:15:46,2024-08-09 06:46:46,Prozess_D,Aufgabe_V
814,2024-08-07 02:48:46,2024-08-07 04:14:46,Prozess_E,Aufgabe_V
815,2024-07-17 09:00:46,2024-07-17 10:14:46,Prozess_C,Aufgabe_X
816,2024-08-08 15:14:46,2024-08-08 15:55:46,Prozess_B,Aufgabe_W
817,2024-07-13 16:18:46,2024-07-13 17:22:46,Prozess_D,Aufgabe_W
818,2024-07-14 10:49:46,2024-07-14 12:12:46,Prozess_A,Aufgabe_V
819,2024-07-10 19:31:46,2024-07-10 19:42:46,Prozess_D,Aufgabe_W
820,2024-07-12 22:08:46,2024-07-12 22:34:46,Prozess_D,Aufgabe_W
821,2024-07-10 17:47:46,2024-07-10 19:35:46,Prozess_A,Aufgabe_V
822,2024-07-22 05:07:46,2024-07-22 05:56:46,Prozess_D,Aufgabe_Y
823,2024-07-18 05:19:46,2024-07-18 06:09:46,Prozess_A,Aufgabe_V
824,2024-07-11 19:58:46,2024-07-11 21:50:46,Prozess_C,Aufgabe_Z
825,2024-07-10 10:50:46,2024-07-10 11:13:46,Prozess_B,Aufgabe_Z
826,2024-07-12 22:36:46,2024-07-12 22:41:46,Prozess_E,Aufgabe_Y
827,2024-08-07 02:40:46,2024-08-07 04:17:46,Prozess_B,Aufgabe_X
828,2024-08-05 12:51:46,2024-08-05 13:52:46,Prozess_B,Aufgabe_W
829,2024-07-30 00:59:46,2024-07-30 01:15:46,Prozess_D,Aufgabe_Z
830,2024-07-13 14:55:46,2024-07-13 15:04:46,Prozess_A,Aufgabe_Z
831,2024-07-20 03:56:46,2024-07-20 04:48:46,Prozess_E,Aufgabe_Z
832,2024-08-01 05:08:46,2024-08-01 05:27:46,Prozess_E,Aufgabe_Y
833,2024-08-08 14:29:46,2024-08-08 16:09:46,Prozess_E,Aufgabe_X
834,2024-07-26 11:48:46,2024-07-26 12:31:46,Prozess_C,Aufgabe_Y
835,2024-07-18 05:09:46,2024-07-18 05:38:46,Prozess_A,Aufgabe_W
836,2024-07-09 18:16:46,2024-07-09 20:15:46,Prozess_E,Aufgabe_X
837,2024-07-17 12:38:46,2024-07-17 13:49:46,Prozess_C,Aufgabe_X
838,2024-07-28 22:01:46,2024-07-28 22:37:46,Prozess_B,Aufgabe_W
839,2024-07-14 20:49:46,2024-07-14 22:20:46,Prozess_B,Aufgabe_Z
840,2024-07-15 23:35:46,2024-07-16 00:06:46,Prozess_C,Aufgabe_X
841,2024-07-31 23:11:46,2024-08-01 00:45:46,Prozess_A,Aufgabe_V
842,2024-07-17 06:20:46,2024-07-17 07:20:46,Prozess_A,Aufgabe_V
843,2024-08-05 10:10:46,2024-08-05 11:35:46,Prozess_B,Aufgabe_V
844,2024-08-08 13:50:46,2024-08-08 14:48:46,Prozess_E,Aufgabe_W
845,2024-08-03 00:28:46,2024-08-03 00:45:46,Prozess_E,Aufgabe_Z
846,2024-07-11 07:09:46,2024-07-11 08:21:46,Prozess_D,Aufgabe_Z
847,2024-07-15 21:47:46,2024-07-15 23:44:46,Prozess_D,Aufgabe_V
848,2024-07-11 06:54:46,2024-07-11 08:14:46,Prozess_B,Aufgabe_Z
849,2024-07-27 20:27:46,2024-07-27 21:54:46,Prozess_B,Aufgabe_V
850,2024-07-24 22:58:46,2024-07-25 00:39:46,Prozess_C,Aufgabe_V
851,2024-08-06 15:58:46,2024-08-06 16:43:46,Prozess_B,Aufgabe_V
852,2024-07-30 02:09:46,2024-07-30 03:57:46,Prozess_B,Aufgabe_V
853,2024-07-30 23:05:46,2024-07-30 23:42:46,Prozess_A,Aufgabe_Y
854,2024-07-30 23:53:46,2024-07-31 01:35:46,Prozess_B,Aufgabe_Z
855,2024-07-10 21:29:46,2024-07-10 23:01:46,Prozess_C,Aufgabe_Y
856,2024-07-16 21:28:46,2024-07-16 23:19:46,Prozess_E,Aufgabe_Y
857,2024-07-20 15:43:46,2024-07-20 16:17:46,Prozess_A,Aufgabe_Z
858,2024-07-15 17:27:46,2024-07-15 18:30:46,Prozess_B,Aufgabe_X
859,2024-07-29 08:07:46,2024-07-29 09:31:46,Prozess_B,Aufgabe_Z
860,2024-07-10 22:30:46,2024-07-10 23:15:46,Prozess_C,Aufgabe_V
861,2024-08-02 23:13:46,2024-08-03 00:01:46,Prozess_A,Aufgabe_X
862,2024-07-19 18:48:46,2024-07-19 19:23:46,Prozess_B,Aufgabe_Y
863,2024-07-28 11:24:46,2024-07-28 12:20:46,Prozess_A,Aufgabe_W
864,2024-08-02 13:53:46,2024-08-02 14:44:46,Prozess_D,Aufgabe_V
865,2024-07-26 00:19:46,2024-07-26 01:58:46,Prozess_A,Aufgabe_Z
866,2024-07-21 06:49:46,2024-07-21 07:32:46,Prozess_B,Aufgabe_V
867,2024-07-11 13:19:46,2024-07-11 14:40:46,Prozess_A,Aufgabe_X
868,2024-07-12 21:12:46,2024-07-12 22:17:46,Prozess_C,Aufgabe_W
869,2024-07-20 08:22:46,2024-07-20 09:48:46,Prozess_E,Aufgabe_W
870,2024-08-06 19:47:46,2024-08-06 20:32:46,Prozess_A,Aufgabe_X
871,2024-07-24 23:35:46,2024-07-25 01:32:46,Prozess_B,Aufgabe_V
872,2024-07-16 20:59:46,2024-07-16 22:44:46,Prozess_D,Aufgabe_V
873,2024-07-14 21:03:46,2024-07-14 21:36:46,Prozess_B,Aufgabe_Z
874,2024-07-29 04:47:46,2024-07-29 06:22:46,Prozess_D,Aufgabe_W
875,2024-08-01 22:15:46,2024-08-01 22:16:46,Prozess_B,Aufgabe_W
876,2024-07-25 03:18:46,2024-07-25 04:55:46,Prozess_A,Aufgabe_X
877,2024-07-13 17:01:46,2024-07-13 18:29:46,Prozess_E,Aufgabe_V
878,2024-08-07 18:13:46,2024-08-07 19:00:46,Prozess_B,Aufgabe_X
879,2024-07-10 23:57:46,2024-07-11 00:57:46,Prozess_A,Aufgabe_Z
880,2024-08-07 04:50:46,2024-08-07 06:38:46,Prozess_A,Aufgabe_Y
881,2024-07-12 03:06:46,2024-07-12 05:04:46,Prozess_C,Aufgabe_X
882,2024-07-30 00:38:46,2024-07-30 00:47:46,Prozess_E,Aufgabe_X
883,2024-08-06 13:25:46,2024-08-06 14:37:46,Prozess_D,Aufgabe_W
884,2024-07-15 18:04:46,2024-07-15 19:39:46,Prozess_B,Aufgabe_W
885,2024-07-20 15:27:46,2024-07-20 16:31:46,Prozess_A,Aufgabe_X
886,2024-07-12 10:02:46,2024-07-12 10:47:46,Prozess_A,Aufgabe_X
887,2024-07-23 06:20:46,2024-07-23 08:04:46,Prozess_C,Aufgabe_X
888,2024-08-01 19:41:46,2024-08-01 20:47:46,Prozess_E,Aufgabe_W
889,2024-08-01 01:21:46,2024-08-01 02:27:46,Prozess_C,Aufgabe_Y
890,2024-08-07 17:30:46,2024-08-07 17:32:46,Prozess_B,Aufgabe_Z
891,2024-07-25 10:31:46,2024-07-25 12:05:46,Prozess_C,Aufgabe_X
892,2024-08-05 20:16:46,2024-08-05 21:34:46,Prozess_D,Aufgabe_W
893,2024-07-27 09:55:46,2024-07-27 10:32:46,Prozess_B,Aufgabe_X
894,2024-07-13 14:18:46,2024-07-13 15:02:46,Prozess_A,Aufgabe_Y
895,2024-07-24 02:31:46,2024-07-24 04:22:46,Prozess_E,Aufgabe_W
896,2024-07-29 08:34:46,2024-07-29 09:44:46,Prozess_A,Aufgabe_Z
897,2024-07-21 07:07:46,2024-07-21 08:55:46,Prozess_E,Aufgabe_X
898,2024-07-12 09:55:46,2024-07-12 10:22:46,Prozess_A,Aufgabe_W
899,2024-07-23 16:54:46,2024-07-23 18:43:46,Prozess_B,Aufgabe_Y
900,2024-07-17 02:02:46,2024-07-17 02:58:46,Prozess_C,Aufgabe_X
901,2024-08-04 20:56:46,2024-08-04 21:34:46,Prozess_B,Aufgabe_Y
902,2024-08-09 11:27:46,2024-08-09 12:54:46,Prozess_B,Aufgabe_X
903,2024-07-21 02:48:46,2024-07-21 03:19:46,Prozess_A,Aufgabe_V
904,2024-08-08 19:57:46,2024-08-08 20:35:46,Prozess_C,Aufgabe_W
905,2024-07-14 10:53:46,2024-07-14 12:31:46,Prozess_D,Aufgabe_W
906,2024-07-28 02:00:46,2024-07-28 02:16:46,Prozess_C,Aufgabe_V
907,2024-08-02 06:27:46,2024-08-02 07:24:46,Prozess_B,Aufgabe_X
908,2024-08-06 09:34:46,2024-08-06 11:02:46,Prozess_C,Aufgabe_W
909,2024-07-15 23:02:46,2024-07-16 00:28:46,Prozess_B,Aufgabe_W
910,2024-07-11 19:18:46,2024-07-11 19:52:46,Prozess_A,Aufgabe_X
911,2024-07-31 23:17:46,2024-08-01 00:37:46,Prozess_E,Aufgabe_X
912,2024-07-23 02:07:46,2024-07-23 02:19:46,Prozess_D,Aufgabe_X
913,2024-07-25 08:29:46,2024-07-25 08:43:46,Prozess_B,Aufgabe_X
914,2024-07-19 22:21:46,2024-07-19 23:25:46,Prozess_C,Aufgabe_X
915,2024-07-26 05:25:46,2024-07-26 06:29:46,Prozess_E,Aufgabe_Y
916,2024-07-25 14:09:46,2024-07-25 14:52:46,Prozess_C,Aufgabe_Z
917,2024-07-22 00:54:46,2024-07-22 02:28:46,Prozess_D,Aufgabe_Z
918,2024-07-14 05:00:46,2024-07-14 05:03:46,Prozess_D,Aufgabe_X
919,2024-08-08 03:30:46,2024-08-08 05:11:46,Prozess_A,Aufgabe_Z
920,2024-07-24 10:53:46,2024-07-24 12:30:46,Prozess_B,Aufgabe_X
921,2024-07-11 10:14:46,2024-07-11 11:01:46,Prozess_B,Aufgabe_Y
922,2024-08-05 13:30:46,2024-08-05 14:01:46,Prozess_E,Aufgabe_Y
923,2024-08-07 22:47:46,2024-08-07 22:57:46,Prozess_C,Aufgabe_Z
924,2024-08-05 13:14:46,2024-08-05 13:43:46,Prozess_D,Aufgabe_X
925,2024-07-21 14:28:46,2024-07-21 16:27:46,Prozess_E,Aufgabe_X
926,2024-07-15 22:34:46,2024-07-16 00:21:46,Prozess_A,Aufgabe_V
927,2024-07-23 14:08:46,2024-07-23 14:16:46,Prozess_B,Aufgabe_W
928,2024-08-04 04:30:46,2024-08-04 04:38:46,Prozess_B,Aufgabe_X
929,2024-07-24 01:23:46,2024-07-24 03:12:46,Prozess_A,Aufgabe_W
930,2024-07-14 06:09:46,2024-07-14 07:07:46,Prozess_B,Aufgabe_V
931,2024-07-31 11:58:46,2024-07-31 12:47:46,Prozess_C,Aufgabe_W
932,2024-07-22 20:27:46,2024-07-22 21:04:46,Prozess_D,Aufgabe_Y
933,2024-08-04 15:26:46,2024-08-04 15:36:46,Prozess_D,Aufgabe_Y
934,2024-08-05 17:57:46,2024-08-05 19:20:46,Prozess_D,Aufgabe_V
935,2024-08-02 15:00:46,2024-08-02 15:33:46,Prozess_D,Aufgabe_Y
936,2024-07-27 19:30:46,2024-07-27 19:47:46,Prozess_B,Aufgabe_V
937,2024-07-13 17:21:46,2024-07-13 19:11:46,Prozess_C,Aufgabe_X
938,2024-08-02 20:59:46,2024-08-02 22:30:46,Prozess_D,Aufgabe_Z
939,2024-08-04 08:20:46,2024-08-04 10:07:46,Prozess_E,Aufgabe_X
940,2024-07-14 03:22:46,2024-07-14 05:15:46,Prozess_E,Aufgabe_X
941,2024-08-07 04:59:46,2024-08-07 06:18:46,Prozess_D,Aufgabe_Z
942,2024-08-08 19:16:46,2024-08-08 21:07:46,Prozess_E,Aufgabe_W
943,2024-08-05 22:04:46,2024-08-06 00:03:46,Prozess_C,Aufgabe_Y
944,2024-08-05 02:16:46,2024-08-05 02:41:46,Prozess_A,Aufgabe_Z
945,2024-07-10 01:23:46,2024-07-10 02:08:46,Prozess_C,Aufgabe_Z
946,2024-07-29 07:28:46,2024-07-29 08:21:46,Prozess_C,Aufgabe_V
947,2024-07-30 07:28:46,2024-07-30 08:23:46,Prozess_D,Aufgabe_W
948,2024-07-29 12:34:46,2024-07-29 14:02:46,Prozess_D,Aufgabe_X
949,2024-07-21 16:11:46,2024-07-21 16:32:46,Prozess_D,Aufgabe_Z
950,2024-08-06 07:56:46,2024-08-06 08:12:46,Prozess_B,Aufgabe_Y
951,2024-07-19 14:36:46,2024-07-19 16:09:46,Prozess_E,Aufgabe_X
952,2024-08-08 10:35:46,2024-08-08 11:47:46,Prozess_A,Aufgabe_Z
953,2024-07-12 10:26:46,2024-07-12 10:44:46,Prozess_D,Aufgabe_X
954,2024-07-30 03:14:46,2024-07-30 04:24:46,Prozess_D,Aufgabe_Z
955,2024-07-15 02:52:46,2024-07-15 04:40:46,Prozess_C,Aufgabe_W
956,2024-07-22 01:38:46,2024-07-22 01:40:46,Prozess_E,Aufgabe_V
957,2024-07-11 18:45:46,2024-07-11 20:03:46,Prozess_B,Aufgabe_W
958,2024-07-17 20:34:46,2024-07-17 22:26:46,Prozess_A,Aufgabe_W
959,2024-07-31 16:53:46,2024-07-31 17:37:46,Prozess_B,Aufgabe_V
960,2024-08-03 23:33:46,2024-08-04 00:20:46,Prozess_A,Aufgabe_W
961,2024-07-24 21:37:46,2024-07-24 22:51:46,Prozess_B,Aufgabe_V
962,2024-08-06 17:08:46,2024-08-06 18:33:46,Prozess_D,Aufgabe_Z
963,2024-08-06 20:31:46,2024-08-06 21:22:46,Prozess_D,Aufgabe_V
964,2024-07-25 15:22:46,2024-07-25 16:13:46,Prozess_B,Aufgabe_X
965,2024-07-11 10:52:46,2024-07-11 11:18:46,Prozess_B,Aufgabe_V
966,2024-08-06 05:54:46,2024-08-06 06:35:46,Prozess_A,Aufgabe_V
967,2024-08-09 04:00:46,2024-08-09 04:06:46,Prozess_C,Aufgabe_V
968,2024-07-31 21:41:46,2024-07-31 22:47:46,Prozess_D,Aufgabe_V
969,2024-07-19 16:53:46,2024-07-19 17:43:46,Prozess_A,Aufgabe_X
970,2024-07-30 00:49:46,2024-07-30 01:02:46,Prozess_E,Aufgabe_Z
971,2024-07-15 21:47:46,2024-07-15 23:42:46,Prozess_B,Aufgabe_X
972,2024-08-06 23:30:46,2024-08-07 00:50:46,Prozess_E,Aufgabe_Z
973,2024-08-03 04:26:46,2024-08-03 05:53:46,Prozess_C,Aufgabe_W
974,2024-07-21 20:57:46,2024-07-21 21:56:46,Prozess_A,Aufgabe_Z
975,2024-07-27 12:02:46,2024-07-27 13:01:46,Prozess_B,Aufgabe_V
976,2024-07-31 19:29:46,2024-07-31 21:16:46,Prozess_D,Aufgabe_Y
977,2024-08-02 19:37:46,2024-08-02 20:19:46,Prozess_B,Aufgabe_Y
978,2024-07-13 23:17:46,2024-07-13 23:41:46,Prozess_D,Aufgabe_W
979,2024-07-31 16:09:46,2024-07-31 17:42:46,Prozess_D,Aufgabe_W
980,2024-08-04 06:52:46,2024-08-04 08:34:46,Prozess_E,Aufgabe_Z
981,2024-07-19 18:25:46,2024-07-19 19:37:46,Prozess_C,Aufgabe_X
982,2024-07-19 13:40:46,2024-07-19 14:03:46,Prozess_B,Aufgabe_X
983,2024-07-14 02:05:46,2024-07-14 04:01:46,Prozess_E,Aufgabe_Z
984,2024-07-18 21:15:46,2024-07-18 22:32:46,Prozess_B,Aufgabe_Y
985,2024-07-20 11:09:46,2024-07-20 11:16:46,Prozess_E,Aufgabe_V
986,2024-07-24 07:09:46,2024-07-24 07:16:46,Prozess_C,Aufgabe_Y
987,2024-08-06 07:54:46,2024-08-06 09:02:46,Prozess_E,Aufgabe_Y
988,2024-07-20 23:24:46,2024-07-21 00:42:46,Prozess_A,Aufgabe_Y
989,2024-07-19 02:26:46,2024-07-19 02:53:46,Prozess_D,Aufgabe_W
990,2024-07-13 16:50:46,2024-07-13 17:38:46,Prozess_B,Aufgabe_Y
991,2024-07-22 19:50:46,2024-07-22 21:09:46,Prozess_D,Aufgabe_X
992,2024-07-14 18:46:46,2024-07-14 19:52:46,Prozess_A,Aufgabe_X
993,2024-08-04 06:04:46,2024-08-04 07:03:46,Prozess_C,Aufgabe_Y
994,2024-07-23 09:33:46,2024-07-23 10:50:46,Prozess_D,Aufgabe_Y
995,2024-07-22 02:33:46,2024-07-22 03:38:46,Prozess_D,Aufgabe_Y
996,2024-07-20 21:42:46,2024-07-20 21:54:46,Prozess_E,Aufgabe_Y
997,2024-07-30 05:40:46,2024-07-30 05:50:46,Prozess_D,Aufgabe_W
998,2024-07-24 09:10:46,2024-07-24 09:30:46,Prozess_A,Aufgabe_X
999,2024-08-06 00:17:46,2024-08-06 00:49:46,Prozess_D,Aufgabe_X
1000,2024-07-29 11:57:46,2024-07-29 12:49:46,Prozess_E,Aufgabe_Z
